id,round_id,player_id,position,total_points,snapshot_taken_at,created_at
00a5e3ce-68a5-4f29-b2c5-c03378ee304b,aa9754bd-50eb-4785-8698-e56c6d3cb661,3d58a7df-9922-413e-b42a-c2f162fb834c,18,13,2026-07-12 08:29:29.05563+00,2026-07-12 08:29:29.05563+00
01367dda-f33c-4d05-85e4-bda68a161f4c,c22e6746-73c1-4060-9194-eb35359c955e,ed3a6f56-12b3-4f1a-ab83-4744531df4f1,3,10,2026-06-24 06:17:24.454436+00,2026-06-24 06:17:24.454436+00
01ae98a0-d82a-419c-89d5-9287e8f2666a,5b9456a0-db45-445f-87a0-58737bb89313,b3d06ab8-28c8-4e46-a174-1da15c08949c,21,10,2026-06-29 08:42:30.839291+00,2026-06-29 08:42:30.839291+00
02804521-757b-4813-a5d3-21d19d420847,aa9754bd-50eb-4785-8698-e56c6d3cb661,71391ec7-5614-4690-8008-e2e16163570b,8,17,2026-07-12 08:29:29.05563+00,2026-07-12 08:29:29.05563+00
03337267-fab5-4cab-929e-59f06683a4b8,318f2b2d-d52a-4102-bd8d-7ab594a40f42,3d58a7df-9922-413e-b42a-c2f162fb834c,27,0,2026-06-18 15:05:59.288454+00,2026-06-18 15:05:59.288454+00
034144ea-7295-43c7-9f69-c8d2d7ba3e09,5b9456a0-db45-445f-87a0-58737bb89313,8050b663-c1ef-4a14-86bd-3ea225435c17,8,14,2026-06-29 08:42:30.839291+00,2026-06-29 08:42:30.839291+00
0740091e-c237-4590-8de9-ff165edd7bf1,27ce4fc5-3de9-4cf0-bfc5-5fa0addb7081,31780afe-855c-4c9d-9cf6-56e3570c00c4,9,17,2026-07-07 23:10:22.304823+00,2026-07-07 23:10:22.304823+00
09967f9a-f382-4dcc-86c2-dc637febc35d,27ce4fc5-3de9-4cf0-bfc5-5fa0addb7081,e73bedf4-0330-41d0-b1e7-31cb55909eed,6,18,2026-07-07 23:10:22.304823+00,2026-07-07 23:10:22.304823+00
0a2bb8a0-99ac-4fd3-84d3-35a5cedeac40,318f2b2d-d52a-4102-bd8d-7ab594a40f42,5e429458-4e6f-4df7-88bd-43977c8f74b1,4,0,2026-06-18 15:05:59.288454+00,2026-06-18 15:05:59.288454+00
0a31d895-54ba-419a-9231-1912407bfd4d,5b9456a0-db45-445f-87a0-58737bb89313,5e429458-4e6f-4df7-88bd-43977c8f74b1,23,9,2026-06-29 08:42:30.839291+00,2026-06-29 08:42:30.839291+00
0b7878e4-fe57-4b16-a187-b7e389d11468,5f39c536-340b-4981-b59a-4a9d7aff9e1e,5d4ce78f-67ee-4a61-afab-c44ffc6afe91,6,16,2026-07-04 03:49:15.880695+00,2026-07-04 03:49:15.880695+00
0d081efe-7113-459f-815c-08dfde26a551,32854b42-0d3a-4e2e-9555-00cd1e6c83c6,8050b663-c1ef-4a14-86bd-3ea225435c17,2,6,2026-06-18 05:40:07.580305+00,2026-06-18 05:40:07.580305+00
0d1e05a6-c9a7-4dfd-9a72-92d5ea43feb8,aa9754bd-50eb-4785-8698-e56c6d3cb661,3fe745df-9187-41d7-a785-c3736a7277d7,11,16,2026-07-12 08:29:29.05563+00,2026-07-12 08:29:29.05563+00
0efac824-b881-4384-b3b3-e7bd7f6b8f1f,32854b42-0d3a-4e2e-9555-00cd1e6c83c6,6df76041-17a2-4c81-b653-82bb7124ee3f,22,3,2026-06-18 05:40:07.580305+00,2026-06-18 05:40:07.580305+00
0fb9bb02-ada3-4470-b675-f93132bb5e9a,318f2b2d-d52a-4102-bd8d-7ab594a40f42,1243a746-100c-460a-bf0f-2aadef7332b8,23,0,2026-06-18 15:05:59.288454+00,2026-06-18 15:05:59.288454+00
126e2f49-3212-4a32-b611-c378cc606e3b,5f39c536-340b-4981-b59a-4a9d7aff9e1e,195dcc37-e60e-4608-a0dc-c12766e96259,18,12,2026-07-04 03:49:15.880695+00,2026-07-04 03:49:15.880695+00
136e3345-717b-4d6a-8783-4394b653b018,5f39c536-340b-4981-b59a-4a9d7aff9e1e,6df76041-17a2-4c81-b653-82bb7124ee3f,12,14,2026-07-04 03:49:15.880695+00,2026-07-04 03:49:15.880695+00
1412a11f-b1d0-484b-8545-2288fe1493d1,5b9456a0-db45-445f-87a0-58737bb89313,1114a750-be9a-44a9-8d82-001931ea4466,10,13,2026-06-29 08:42:30.839291+00,2026-06-29 08:42:30.839291+00
1416a566-daea-4f73-b7b1-324dd403fe90,c22e6746-73c1-4060-9194-eb35359c955e,1243a746-100c-460a-bf0f-2aadef7332b8,4,9,2026-06-24 06:17:24.454436+00,2026-06-24 06:17:24.454436+00
1619ee4a-ee05-4ada-992d-637a8921c32e,5b9456a0-db45-445f-87a0-58737bb89313,d8cc0ff6-c084-4134-8931-bf514fa05f23,24,9,2026-06-29 08:42:30.839291+00,2026-06-29 08:42:30.839291+00
165d45f0-dfb2-497b-89ff-7242f236dc0e,5b9456a0-db45-445f-87a0-58737bb89313,1243a746-100c-460a-bf0f-2aadef7332b8,7,14,2026-06-29 08:42:30.839291+00,2026-06-29 08:42:30.839291+00
17210551-0810-4428-8d72-0e6fcd72e978,c22e6746-73c1-4060-9194-eb35359c955e,ce064aab-7c13-4db9-89b3-7eb444cc158b,11,7,2026-06-24 06:17:24.454436+00,2026-06-24 06:17:24.454436+00
178e179b-57fe-4cd4-aeaf-133d0741a3f6,32854b42-0d3a-4e2e-9555-00cd1e6c83c6,36e379ae-18cb-488c-a9ef-34e99c796cfe,26,2,2026-06-18 05:40:07.580305+00,2026-06-18 05:40:07.580305+00
186bc016-89ef-43f0-b168-78889145fba0,27ce4fc5-3de9-4cf0-bfc5-5fa0addb7081,03d17e40-bb16-4728-9043-ceb05e62c9e9,22,11,2026-07-07 23:10:22.304823+00,2026-07-07 23:10:22.304823+00
187a530b-e85c-406a-ab53-5aa4707be833,32854b42-0d3a-4e2e-9555-00cd1e6c83c6,ed3a6f56-12b3-4f1a-ab83-4744531df4f1,3,6,2026-06-18 05:40:07.580305+00,2026-06-18 05:40:07.580305+00
18985de1-27e6-4574-b35f-af7a6c16ee4d,5f39c536-340b-4981-b59a-4a9d7aff9e1e,3fe745df-9187-41d7-a785-c3736a7277d7,16,12,2026-07-04 03:49:15.880695+00,2026-07-04 03:49:15.880695+00
189d911b-1fc2-4110-b449-83e8404c4a67,32854b42-0d3a-4e2e-9555-00cd1e6c83c6,e73bedf4-0330-41d0-b1e7-31cb55909eed,4,6,2026-06-18 05:40:07.580305+00,2026-06-18 05:40:07.580305+00
19d06105-39e0-4895-bd85-eac89cb768aa,aa9754bd-50eb-4785-8698-e56c6d3cb661,d8cc0ff6-c084-4134-8931-bf514fa05f23,25,10,2026-07-12 08:29:29.05563+00,2026-07-12 08:29:29.05563+00
19e9681c-2dba-46db-a575-f44cc9f07837,6aa7c75c-0fc8-46f0-8219-84f969510a0e,1114a750-be9a-44a9-8d82-001931ea4466,13,15,2026-07-15 21:05:07.755299+00,2026-07-15 21:05:07.755299+00
1a640eb4-462e-4b02-9ba4-10912cad0d29,c22e6746-73c1-4060-9194-eb35359c955e,3fe745df-9187-41d7-a785-c3736a7277d7,26,5,2026-06-24 06:17:24.454436+00,2026-06-24 06:17:24.454436+00
1a83c1d0-21b4-4b7c-8987-1644e738af85,5f39c536-340b-4981-b59a-4a9d7aff9e1e,6f8a0f72-aa76-4252-9486-cc8b95570923,25,10,2026-07-04 03:49:15.880695+00,2026-07-04 03:49:15.880695+00
1bc63e37-fb3b-4af7-a59d-a4a5fcaecaa2,b9bd6954-7f07-432a-af76-2dc2d3e9ab1f,5e429458-4e6f-4df7-88bd-43977c8f74b1,24,10,2026-07-19 22:03:06.610381+00,2026-07-19 22:03:06.610381+00
1e69eab0-7b6e-4730-be2d-07b0daa0c0bb,b9bd6954-7f07-432a-af76-2dc2d3e9ab1f,fea5b705-eab8-4ba4-b0f2-739b370efd98,21,12,2026-07-19 22:03:06.610381+00,2026-07-19 22:03:06.610381+00
1ff5d6a2-fdd8-442d-8601-55853bd843a6,32854b42-0d3a-4e2e-9555-00cd1e6c83c6,1114a750-be9a-44a9-8d82-001931ea4466,16,4,2026-06-18 05:40:07.580305+00,2026-06-18 05:40:07.580305+00
21540ec7-c4de-453d-bb0f-e46645c461b3,b9bd6954-7f07-432a-af76-2dc2d3e9ab1f,c599dde6-99b1-4e0e-a4cf-2842c8f62162,14,15,2026-07-19 22:03:06.610381+00,2026-07-19 22:03:06.610381+00
218b5b80-0ea2-4d16-a6c3-b5e838c5393b,b9bd6954-7f07-432a-af76-2dc2d3e9ab1f,b8526be4-5eb8-4f89-b015-699537c368ce,9,17,2026-07-19 22:03:06.610381+00,2026-07-19 22:03:06.610381+00
21dc34cd-cc9b-4430-a9bd-122390cd9da1,27ce4fc5-3de9-4cf0-bfc5-5fa0addb7081,5e429458-4e6f-4df7-88bd-43977c8f74b1,24,10,2026-07-07 23:10:22.304823+00,2026-07-07 23:10:22.304823+00
22157552-d7f5-41c5-ad44-93e12840d0c4,b9bd6954-7f07-432a-af76-2dc2d3e9ab1f,d8cc0ff6-c084-4134-8931-bf514fa05f23,25,10,2026-07-19 22:03:06.610381+00,2026-07-19 22:03:06.610381+00
25242ef6-6991-4da6-a140-a8c8619e4c83,c22e6746-73c1-4060-9194-eb35359c955e,5d4ce78f-67ee-4a61-afab-c44ffc6afe91,5,9,2026-06-24 06:17:24.454436+00,2026-06-24 06:17:24.454436+00
264bce33-4ecf-421e-9083-aab53e729c95,c22e6746-73c1-4060-9194-eb35359c955e,5e429458-4e6f-4df7-88bd-43977c8f74b1,22,6,2026-06-24 06:17:24.454436+00,2026-06-24 06:17:24.454436+00
2846f03a-4334-4852-8179-8f14086b1d10,b9bd6954-7f07-432a-af76-2dc2d3e9ab1f,71391ec7-5614-4690-8008-e2e16163570b,5,19,2026-07-19 22:03:06.610381+00,2026-07-19 22:03:06.610381+00
29a5b5cf-b9b9-4895-880f-72ad7a64798b,27ce4fc5-3de9-4cf0-bfc5-5fa0addb7081,8050b663-c1ef-4a14-86bd-3ea225435c17,5,18,2026-07-07 23:10:22.304823+00,2026-07-07 23:10:22.304823+00
2ade93c9-3ca2-4afc-a464-4561bafb56d3,6aa7c75c-0fc8-46f0-8219-84f969510a0e,38120818-5997-43e2-a907-f86000cf4b53,6,19,2026-07-15 21:05:07.755299+00,2026-07-15 21:05:07.755299+00
2bea3992-354d-4f75-a6be-91c909b11d88,aa9754bd-50eb-4785-8698-e56c6d3cb661,31780afe-855c-4c9d-9cf6-56e3570c00c4,10,17,2026-07-12 08:29:29.05563+00,2026-07-12 08:29:29.05563+00
2df2f13e-fe6c-4971-808c-54d149288640,c22e6746-73c1-4060-9194-eb35359c955e,c599dde6-99b1-4e0e-a4cf-2842c8f62162,20,7,2026-06-24 06:17:24.454436+00,2026-06-24 06:17:24.454436+00
2e4b7b06-699d-401c-b087-54995615bb0b,c22e6746-73c1-4060-9194-eb35359c955e,d8cc0ff6-c084-4134-8931-bf514fa05f23,23,6,2026-06-24 06:17:24.454436+00,2026-06-24 06:17:24.454436+00
2e52ff8d-0f40-4f3f-9715-8f5db45db1a4,32854b42-0d3a-4e2e-9555-00cd1e6c83c6,38120818-5997-43e2-a907-f86000cf4b53,1,6,2026-06-18 05:40:07.580305+00,2026-06-18 05:40:07.580305+00
328d5265-8ce1-43ce-9c99-12b4e15ecde3,6aa7c75c-0fc8-46f0-8219-84f969510a0e,6df76041-17a2-4c81-b653-82bb7124ee3f,15,14,2026-07-15 21:05:07.755299+00,2026-07-15 21:05:07.755299+00
32f552c2-2df7-4805-bee3-a468295bf118,b9bd6954-7f07-432a-af76-2dc2d3e9ab1f,1c570e30-214d-4723-96d3-0669c937f5a4,16,14,2026-07-19 22:03:06.610381+00,2026-07-19 22:03:06.610381+00
33f6d1f3-a7d5-4a1b-b05b-c8cffa68ed23,6aa7c75c-0fc8-46f0-8219-84f969510a0e,b8526be4-5eb8-4f89-b015-699537c368ce,9,17,2026-07-15 21:05:07.755299+00,2026-07-15 21:05:07.755299+00
34bb67f6-8617-452a-b09c-447855f9ceb3,aa9754bd-50eb-4785-8698-e56c6d3cb661,5e429458-4e6f-4df7-88bd-43977c8f74b1,24,10,2026-07-12 08:29:29.05563+00,2026-07-12 08:29:29.05563+00
352780ce-9907-43ba-8a4d-1a22e5d76f18,6aa7c75c-0fc8-46f0-8219-84f969510a0e,8050b663-c1ef-4a14-86bd-3ea225435c17,4,20,2026-07-15 21:05:07.755299+00,2026-07-15 21:05:07.755299+00
36fd53ba-c04c-4906-9836-13a2cfa9a6f3,27ce4fc5-3de9-4cf0-bfc5-5fa0addb7081,3d58a7df-9922-413e-b42a-c2f162fb834c,17,13,2026-07-07 23:10:22.304823+00,2026-07-07 23:10:22.304823+00
3726568a-8758-4251-a759-72ee74297ef2,aa9754bd-50eb-4785-8698-e56c6d3cb661,195dcc37-e60e-4608-a0dc-c12766e96259,12,16,2026-07-12 08:29:29.05563+00,2026-07-12 08:29:29.05563+00
373b86a7-31c0-40e0-9987-51350fcd2175,6aa7c75c-0fc8-46f0-8219-84f969510a0e,71391ec7-5614-4690-8008-e2e16163570b,5,19,2026-07-15 21:05:07.755299+00,2026-07-15 21:05:07.755299+00
375c3c11-294f-4be1-af80-36862c6287e8,b9bd6954-7f07-432a-af76-2dc2d3e9ab1f,36e379ae-18cb-488c-a9ef-34e99c796cfe,22,12,2026-07-19 22:03:06.610381+00,2026-07-19 22:03:06.610381+00
37bcea67-41c2-4557-9be6-bbe72122d2f6,5f39c536-340b-4981-b59a-4a9d7aff9e1e,c599dde6-99b1-4e0e-a4cf-2842c8f62162,10,15,2026-07-04 03:49:15.880695+00,2026-07-04 03:49:15.880695+00
37da0ba2-7911-4986-9a0a-d91062fbc658,6aa7c75c-0fc8-46f0-8219-84f969510a0e,fea5b705-eab8-4ba4-b0f2-739b370efd98,21,12,2026-07-15 21:05:07.755299+00,2026-07-15 21:05:07.755299+00
3965859a-19de-4464-bf9d-a12a7d720442,c22e6746-73c1-4060-9194-eb35359c955e,1c570e30-214d-4723-96d3-0669c937f5a4,18,7,2026-06-24 06:17:24.454436+00,2026-06-24 06:17:24.454436+00
3a6db36d-e681-427f-96e6-5ee029541573,5b9456a0-db45-445f-87a0-58737bb89313,c599dde6-99b1-4e0e-a4cf-2842c8f62162,13,13,2026-06-29 08:42:30.839291+00,2026-06-29 08:42:30.839291+00
3f0b43e7-3e33-4e13-a14e-734a05fb18a1,27ce4fc5-3de9-4cf0-bfc5-5fa0addb7081,195dcc37-e60e-4608-a0dc-c12766e96259,14,14,2026-07-07 23:10:22.304823+00,2026-07-07 23:10:22.304823+00
3fb3aaf9-4e55-4344-ac27-8c9fd7517f15,318f2b2d-d52a-4102-bd8d-7ab594a40f42,71391ec7-5614-4690-8008-e2e16163570b,13,0,2026-06-18 15:05:59.288454+00,2026-06-18 15:05:59.288454+00
4053c32f-d268-4c55-aaef-549098fd9f26,b9bd6954-7f07-432a-af76-2dc2d3e9ab1f,ce064aab-7c13-4db9-89b3-7eb444cc158b,20,12,2026-07-19 22:03:06.610381+00,2026-07-19 22:03:06.610381+00
40fb8375-4438-4de4-8671-d3a57ab44bda,b9bd6954-7f07-432a-af76-2dc2d3e9ab1f,e73bedf4-0330-41d0-b1e7-31cb55909eed,8,18,2026-07-19 22:03:06.610381+00,2026-07-19 22:03:06.610381+00
414045d2-b307-49f5-9d9c-0a849269b786,318f2b2d-d52a-4102-bd8d-7ab594a40f42,5d4ce78f-67ee-4a61-afab-c44ffc6afe91,16,0,2026-06-18 15:05:59.288454+00,2026-06-18 15:05:59.288454+00
41fd8123-9f35-4cbd-974b-94934859e646,5f39c536-340b-4981-b59a-4a9d7aff9e1e,38120818-5997-43e2-a907-f86000cf4b53,11,15,2026-07-04 03:49:15.880695+00,2026-07-04 03:49:15.880695+00
42e6f632-110d-451c-aaee-b69a745e6857,318f2b2d-d52a-4102-bd8d-7ab594a40f42,b3d06ab8-28c8-4e46-a174-1da15c08949c,14,0,2026-06-18 15:05:59.288454+00,2026-06-18 15:05:59.288454+00
432e2ac3-122f-4cd5-b072-db7a0b0bbdb8,318f2b2d-d52a-4102-bd8d-7ab594a40f42,31780afe-855c-4c9d-9cf6-56e3570c00c4,26,0,2026-06-18 15:05:59.288454+00,2026-06-18 15:05:59.288454+00
4351acea-4bee-4c36-89ef-c257d3ddc652,32854b42-0d3a-4e2e-9555-00cd1e6c83c6,3422f6a8-d289-4ce8-8135-b547ff0f9606,5,6,2026-06-18 05:40:07.580305+00,2026-06-18 05:40:07.580305+00
43a740f1-19f4-4784-9eef-e956df98b452,b9bd6954-7f07-432a-af76-2dc2d3e9ab1f,1243a746-100c-460a-bf0f-2aadef7332b8,2,22,2026-07-19 22:03:06.610381+00,2026-07-19 22:03:06.610381+00
4426013e-66cd-4f6d-a32c-6ccec7a0002d,5f39c536-340b-4981-b59a-4a9d7aff9e1e,8050b663-c1ef-4a14-86bd-3ea225435c17,8,16,2026-07-04 03:49:15.880695+00,2026-07-04 03:49:15.880695+00
45721f03-f9df-4656-9d1e-3deda7b844cd,5f39c536-340b-4981-b59a-4a9d7aff9e1e,fea5b705-eab8-4ba4-b0f2-739b370efd98,20,12,2026-07-04 03:49:15.880695+00,2026-07-04 03:49:15.880695+00
45c289ad-b537-4352-b97f-1d950c8da8bd,32854b42-0d3a-4e2e-9555-00cd1e6c83c6,6f8a0f72-aa76-4252-9486-cc8b95570923,17,4,2026-06-18 05:40:07.580305+00,2026-06-18 05:40:07.580305+00
46f9098a-437f-4c9d-809e-9bfc9d4931b6,c22e6746-73c1-4060-9194-eb35359c955e,6df76041-17a2-4c81-b653-82bb7124ee3f,10,7,2026-06-24 06:17:24.454436+00,2026-06-24 06:17:24.454436+00
481e7de7-44ab-4601-a10b-528e2ef0b526,aa9754bd-50eb-4785-8698-e56c6d3cb661,36e379ae-18cb-488c-a9ef-34e99c796cfe,22,12,2026-07-12 08:29:29.05563+00,2026-07-12 08:29:29.05563+00
4a8c6354-1cd8-4901-a9f7-adc5b7fad78d,aa9754bd-50eb-4785-8698-e56c6d3cb661,c599dde6-99b1-4e0e-a4cf-2842c8f62162,14,15,2026-07-12 08:29:29.05563+00,2026-07-12 08:29:29.05563+00
4ae6fac8-26f7-4b86-a514-8746fa680199,27ce4fc5-3de9-4cf0-bfc5-5fa0addb7081,36e379ae-18cb-488c-a9ef-34e99c796cfe,21,12,2026-07-07 23:10:22.304823+00,2026-07-07 23:10:22.304823+00
4bc36770-de40-4c4d-a86e-ea09d1b32d01,27ce4fc5-3de9-4cf0-bfc5-5fa0addb7081,b3d06ab8-28c8-4e46-a174-1da15c08949c,23,11,2026-07-07 23:10:22.304823+00,2026-07-07 23:10:22.304823+00
4bf41f9c-e654-42bb-a9a2-492bcec69ef9,aa9754bd-50eb-4785-8698-e56c6d3cb661,5d4ce78f-67ee-4a61-afab-c44ffc6afe91,2,20,2026-07-12 08:29:29.05563+00,2026-07-12 08:29:29.05563+00
4d380fc5-bdc3-40eb-9c21-f47232f79cae,b9bd6954-7f07-432a-af76-2dc2d3e9ab1f,3fe745df-9187-41d7-a785-c3736a7277d7,11,16,2026-07-19 22:03:06.610381+00,2026-07-19 22:03:06.610381+00
4dc8533d-2b18-4f86-a3de-4e94e5546ed6,c22e6746-73c1-4060-9194-eb35359c955e,b3d06ab8-28c8-4e46-a174-1da15c08949c,13,7,2026-06-24 06:17:24.454436+00,2026-06-24 06:17:24.454436+00
4e913db3-3785-4b03-a76b-bcc67f2461b7,318f2b2d-d52a-4102-bd8d-7ab594a40f42,195dcc37-e60e-4608-a0dc-c12766e96259,25,0,2026-06-18 15:05:59.288454+00,2026-06-18 15:05:59.288454+00
4f182489-d9e6-48c5-84fe-62030d0868fa,c22e6746-73c1-4060-9194-eb35359c955e,e73bedf4-0330-41d0-b1e7-31cb55909eed,21,7,2026-06-24 06:17:24.454436+00,2026-06-24 06:17:24.454436+00
553f4c51-a0eb-4b6b-84e1-711f688cd6d8,c22e6746-73c1-4060-9194-eb35359c955e,195dcc37-e60e-4608-a0dc-c12766e96259,14,7,2026-06-24 06:17:24.454436+00,2026-06-24 06:17:24.454436+00
570fd407-c63a-4cb3-980a-86fa11453008,32854b42-0d3a-4e2e-9555-00cd1e6c83c6,31780afe-855c-4c9d-9cf6-56e3570c00c4,10,5,2026-06-18 05:40:07.580305+00,2026-06-18 05:40:07.580305+00
57591504-4025-4691-92dd-5d19038ad4cf,aa9754bd-50eb-4785-8698-e56c6d3cb661,b8526be4-5eb8-4f89-b015-699537c368ce,9,17,2026-07-12 08:29:29.05563+00,2026-07-12 08:29:29.05563+00
591a64c8-ae4b-404e-9cd7-3c17c65d1d99,c22e6746-73c1-4060-9194-eb35359c955e,1114a750-be9a-44a9-8d82-001931ea4466,12,7,2026-06-24 06:17:24.454436+00,2026-06-24 06:17:24.454436+00
5a54650c-1ba5-48eb-b3c9-51d44c24d798,5f39c536-340b-4981-b59a-4a9d7aff9e1e,3422f6a8-d289-4ce8-8135-b547ff0f9606,3,17,2026-07-04 03:49:15.880695+00,2026-07-04 03:49:15.880695+00
5a72798f-6c56-40f3-a796-5006a47e2cc4,5b9456a0-db45-445f-87a0-58737bb89313,3fe745df-9187-41d7-a785-c3736a7277d7,19,10,2026-06-29 08:42:30.839291+00,2026-06-29 08:42:30.839291+00
5d4fefad-52fe-45e6-8b0c-ddf00307970c,5b9456a0-db45-445f-87a0-58737bb89313,6df76041-17a2-4c81-b653-82bb7124ee3f,9,13,2026-06-29 08:42:30.839291+00,2026-06-29 08:42:30.839291+00
5daecbbb-6350-417a-9002-f4dcefef3b6d,318f2b2d-d52a-4102-bd8d-7ab594a40f42,c599dde6-99b1-4e0e-a4cf-2842c8f62162,1,0,2026-06-18 15:05:59.288454+00,2026-06-18 15:05:59.288454+00
5def1df0-12ab-463c-9ea5-2e23388b54ac,27ce4fc5-3de9-4cf0-bfc5-5fa0addb7081,1243a746-100c-460a-bf0f-2aadef7332b8,4,18,2026-07-07 23:10:22.304823+00,2026-07-07 23:10:22.304823+00
5f09ff75-2a2e-4fc5-9d00-83f1f0e621b7,27ce4fc5-3de9-4cf0-bfc5-5fa0addb7081,1c570e30-214d-4723-96d3-0669c937f5a4,16,14,2026-07-07 23:10:22.304823+00,2026-07-07 23:10:22.304823+00
5f34e568-0780-4ae4-b080-7e983314c6b8,5b9456a0-db45-445f-87a0-58737bb89313,71391ec7-5614-4690-8008-e2e16163570b,15,11,2026-06-29 08:42:30.839291+00,2026-06-29 08:42:30.839291+00
5fdceb02-678d-4eb9-99f2-2887bdcb319b,318f2b2d-d52a-4102-bd8d-7ab594a40f42,36e379ae-18cb-488c-a9ef-34e99c796cfe,15,0,2026-06-18 15:05:59.288454+00,2026-06-18 15:05:59.288454+00
6010da2e-6d3a-44e0-9c16-60142627be97,6aa7c75c-0fc8-46f0-8219-84f969510a0e,ed3a6f56-12b3-4f1a-ab83-4744531df4f1,7,19,2026-07-15 21:05:07.755299+00,2026-07-15 21:05:07.755299+00
60791e6e-0e33-47b4-b2b9-e016a0918236,32854b42-0d3a-4e2e-9555-00cd1e6c83c6,b8526be4-5eb8-4f89-b015-699537c368ce,11,5,2026-06-18 05:40:07.580305+00,2026-06-18 05:40:07.580305+00
614aede2-9a9b-47e1-b608-6cfcf954969a,5f39c536-340b-4981-b59a-4a9d7aff9e1e,1114a750-be9a-44a9-8d82-001931ea4466,9,15,2026-07-04 03:49:15.880695+00,2026-07-04 03:49:15.880695+00
618422fc-d670-43be-9050-7bd6fb5c7046,32854b42-0d3a-4e2e-9555-00cd1e6c83c6,1243a746-100c-460a-bf0f-2aadef7332b8,18,4,2026-06-18 05:40:07.580305+00,2026-06-18 05:40:07.580305+00
63387c5d-2f23-4f9e-8815-6ead2e0192f0,aa9754bd-50eb-4785-8698-e56c6d3cb661,b3d06ab8-28c8-4e46-a174-1da15c08949c,23,11,2026-07-12 08:29:29.05563+00,2026-07-12 08:29:29.05563+00
633c607a-334d-4b14-a75e-005e6f3acbfb,27ce4fc5-3de9-4cf0-bfc5-5fa0addb7081,c599dde6-99b1-4e0e-a4cf-2842c8f62162,12,15,2026-07-07 23:10:22.304823+00,2026-07-07 23:10:22.304823+00
646e7ca7-c417-4ac9-a82c-ac669cbed097,318f2b2d-d52a-4102-bd8d-7ab594a40f42,ed3a6f56-12b3-4f1a-ab83-4744531df4f1,2,0,2026-06-18 15:05:59.288454+00,2026-06-18 15:05:59.288454+00
64b2d0a3-48f4-4500-bcf9-2d67eeac3572,318f2b2d-d52a-4102-bd8d-7ab594a40f42,3fe745df-9187-41d7-a785-c3736a7277d7,20,0,2026-06-18 15:05:59.288454+00,2026-06-18 15:05:59.288454+00
657ffdd0-116b-4c4c-9481-47c19adc960f,5b9456a0-db45-445f-87a0-58737bb89313,38120818-5997-43e2-a907-f86000cf4b53,11,13,2026-06-29 08:42:30.839291+00,2026-06-29 08:42:30.839291+00
65b7188a-6bc7-4570-aef5-47a22a2c7f7c,318f2b2d-d52a-4102-bd8d-7ab594a40f42,6f8a0f72-aa76-4252-9486-cc8b95570923,5,0,2026-06-18 15:05:59.288454+00,2026-06-18 15:05:59.288454+00
665ff3a7-85b1-420d-84ab-f8fa7e49e82a,27ce4fc5-3de9-4cf0-bfc5-5fa0addb7081,6df76041-17a2-4c81-b653-82bb7124ee3f,15,14,2026-07-07 23:10:22.304823+00,2026-07-07 23:10:22.304823+00
66bd61f4-c6d1-494c-9e5b-332183d3e60d,32854b42-0d3a-4e2e-9555-00cd1e6c83c6,5e429458-4e6f-4df7-88bd-43977c8f74b1,20,3,2026-06-18 05:40:07.580305+00,2026-06-18 05:40:07.580305+00
6903fd88-353c-4972-a624-ca2f9fdc1e39,318f2b2d-d52a-4102-bd8d-7ab594a40f42,b8526be4-5eb8-4f89-b015-699537c368ce,11,0,2026-06-18 15:05:59.288454+00,2026-06-18 15:05:59.288454+00
694afc15-4281-491d-948f-c6766f118c71,aa9754bd-50eb-4785-8698-e56c6d3cb661,6f8a0f72-aa76-4252-9486-cc8b95570923,26,10,2026-07-12 08:29:29.05563+00,2026-07-12 08:29:29.05563+00
695addd0-9c0c-4ef7-9ab5-4d1958f8b434,5f39c536-340b-4981-b59a-4a9d7aff9e1e,31780afe-855c-4c9d-9cf6-56e3570c00c4,5,17,2026-07-04 03:49:15.880695+00,2026-07-04 03:49:15.880695+00
6f1a5e3e-0d48-40ff-a4d1-39cbda060f6f,5b9456a0-db45-445f-87a0-58737bb89313,b94d44f2-7ae2-41f4-a105-e12b6ec3a572,20,10,2026-06-29 08:42:30.839291+00,2026-06-29 08:42:30.839291+00
6f4cf871-3b8e-4114-9f1d-c6d0f1be2afd,5f39c536-340b-4981-b59a-4a9d7aff9e1e,b94d44f2-7ae2-41f4-a105-e12b6ec3a572,17,12,2026-07-04 03:49:15.880695+00,2026-07-04 03:49:15.880695+00
726c56bb-74ef-4274-94a4-8a7c8826ff93,6aa7c75c-0fc8-46f0-8219-84f969510a0e,b3d06ab8-28c8-4e46-a174-1da15c08949c,23,11,2026-07-15 21:05:07.755299+00,2026-07-15 21:05:07.755299+00
73548216-2e4c-4d7c-8b99-2507b6831a32,318f2b2d-d52a-4102-bd8d-7ab594a40f42,3422f6a8-d289-4ce8-8135-b547ff0f9606,22,0,2026-06-18 15:05:59.288454+00,2026-06-18 15:05:59.288454+00
73df14cd-76ea-46e1-aab3-b72073a9ec60,32854b42-0d3a-4e2e-9555-00cd1e6c83c6,b3d06ab8-28c8-4e46-a174-1da15c08949c,6,5,2026-06-18 05:40:07.580305+00,2026-06-18 05:40:07.580305+00
74f70d16-494e-47c3-8c7d-18c048b6edee,32854b42-0d3a-4e2e-9555-00cd1e6c83c6,3fe745df-9187-41d7-a785-c3736a7277d7,23,3,2026-06-18 05:40:07.580305+00,2026-06-18 05:40:07.580305+00
757415eb-2bb1-4a96-bc0e-93692099c9aa,318f2b2d-d52a-4102-bd8d-7ab594a40f42,6df76041-17a2-4c81-b653-82bb7124ee3f,10,0,2026-06-18 15:05:59.288454+00,2026-06-18 15:05:59.288454+00
774cb593-d60e-42b4-943a-0b72e9ebc48a,5f39c536-340b-4981-b59a-4a9d7aff9e1e,3d58a7df-9922-413e-b42a-c2f162fb834c,15,13,2026-07-04 03:49:15.880695+00,2026-07-04 03:49:15.880695+00
7859621b-5bdf-4a4e-bcb0-8d5112f62dda,32854b42-0d3a-4e2e-9555-00cd1e6c83c6,1cc4459a-e518-4a28-b323-7cbb9d07994a,24,3,2026-06-18 05:40:07.580305+00,2026-06-18 05:40:07.580305+00
7868683c-9dbf-4ae8-b235-5627e083d270,27ce4fc5-3de9-4cf0-bfc5-5fa0addb7081,38120818-5997-43e2-a907-f86000cf4b53,7,17,2026-07-07 23:10:22.304823+00,2026-07-07 23:10:22.304823+00
7a91e7b6-7a91-487a-a9fb-9814b8c7772b,32854b42-0d3a-4e2e-9555-00cd1e6c83c6,195dcc37-e60e-4608-a0dc-c12766e96259,8,5,2026-06-18 05:40:07.580305+00,2026-06-18 05:40:07.580305+00
7b3186c4-259a-4b92-bca1-e89887c7fee1,aa9754bd-50eb-4785-8698-e56c6d3cb661,b94d44f2-7ae2-41f4-a105-e12b6ec3a572,19,12,2026-07-12 08:29:29.05563+00,2026-07-12 08:29:29.05563+00
7c5303ba-d9aa-433c-9618-817563f07bf3,5b9456a0-db45-445f-87a0-58737bb89313,03d17e40-bb16-4728-9043-ceb05e62c9e9,27,7,2026-06-29 08:42:30.839291+00,2026-06-29 08:42:30.839291+00
7ff6621a-06ea-428c-862d-73b3eeb2e807,27ce4fc5-3de9-4cf0-bfc5-5fa0addb7081,3422f6a8-d289-4ce8-8135-b547ff0f9606,1,19,2026-07-07 23:10:22.304823+00,2026-07-07 23:10:22.304823+00
804df89c-f96b-47c2-8742-804e5e482b34,5b9456a0-db45-445f-87a0-58737bb89313,5d4ce78f-67ee-4a61-afab-c44ffc6afe91,6,14,2026-06-29 08:42:30.839291+00,2026-06-29 08:42:30.839291+00
80fd7cd5-4cb9-453d-82e6-9f5f6302b462,6aa7c75c-0fc8-46f0-8219-84f969510a0e,1cc4459a-e518-4a28-b323-7cbb9d07994a,27,10,2026-07-15 21:05:07.755299+00,2026-07-15 21:05:07.755299+00
8278d6cc-1693-452e-8fcc-caf0b6e2c6e7,318f2b2d-d52a-4102-bd8d-7ab594a40f42,ce064aab-7c13-4db9-89b3-7eb444cc158b,17,0,2026-06-18 15:05:59.288454+00,2026-06-18 15:05:59.288454+00
83d9779c-3959-4b06-a6d7-c3bf53091217,318f2b2d-d52a-4102-bd8d-7ab594a40f42,1cc4459a-e518-4a28-b323-7cbb9d07994a,12,0,2026-06-18 15:05:59.288454+00,2026-06-18 15:05:59.288454+00
858f179f-f64c-442e-b9eb-f095b6b4bdcd,5b9456a0-db45-445f-87a0-58737bb89313,36e379ae-18cb-488c-a9ef-34e99c796cfe,18,11,2026-06-29 08:42:30.839291+00,2026-06-29 08:42:30.839291+00
87bb6905-d3f1-45d5-83c7-086d77df3468,c22e6746-73c1-4060-9194-eb35359c955e,fea5b705-eab8-4ba4-b0f2-739b370efd98,16,7,2026-06-24 06:17:24.454436+00,2026-06-24 06:17:24.454436+00
89bd2345-074e-4bcb-8e4e-c06a24460277,aa9754bd-50eb-4785-8698-e56c6d3cb661,1cc4459a-e518-4a28-b323-7cbb9d07994a,27,10,2026-07-12 08:29:29.05563+00,2026-07-12 08:29:29.05563+00
8a31e090-5adb-43da-84af-a477ac865a81,5f39c536-340b-4981-b59a-4a9d7aff9e1e,e73bedf4-0330-41d0-b1e7-31cb55909eed,2,18,2026-07-04 03:49:15.880695+00,2026-07-04 03:49:15.880695+00
8a70680c-e132-4e52-adde-cd9353eebd4c,5f39c536-340b-4981-b59a-4a9d7aff9e1e,ed3a6f56-12b3-4f1a-ab83-4744531df4f1,1,18,2026-07-04 03:49:15.880695+00,2026-07-04 03:49:15.880695+00
8c11655f-8b46-4f04-bbdb-68ad7dad5b8f,318f2b2d-d52a-4102-bd8d-7ab594a40f42,b94d44f2-7ae2-41f4-a105-e12b6ec3a572,9,0,2026-06-18 15:05:59.288454+00,2026-06-18 15:05:59.288454+00
8c815a75-8377-4925-ae8f-8f0332673034,5b9456a0-db45-445f-87a0-58737bb89313,6f8a0f72-aa76-4252-9486-cc8b95570923,25,9,2026-06-29 08:42:30.839291+00,2026-06-29 08:42:30.839291+00
8c8a1e1a-735e-4d04-a397-0637bf4610ed,32854b42-0d3a-4e2e-9555-00cd1e6c83c6,1c570e30-214d-4723-96d3-0669c937f5a4,13,5,2026-06-18 05:40:07.580305+00,2026-06-18 05:40:07.580305+00
8dde11f2-4c9c-40a9-960f-c8fad5f1ad14,32854b42-0d3a-4e2e-9555-00cd1e6c83c6,ce064aab-7c13-4db9-89b3-7eb444cc158b,19,3,2026-06-18 05:40:07.580305+00,2026-06-18 05:40:07.580305+00
8f923d4b-0ec9-4904-b478-2f7026e0f00f,b9bd6954-7f07-432a-af76-2dc2d3e9ab1f,1cc4459a-e518-4a28-b323-7cbb9d07994a,27,10,2026-07-19 22:03:06.610381+00,2026-07-19 22:03:06.610381+00
92d46d1a-b48f-4118-8d46-e6d4d068a9ea,aa9754bd-50eb-4785-8698-e56c6d3cb661,1c570e30-214d-4723-96d3-0669c937f5a4,16,14,2026-07-12 08:29:29.05563+00,2026-07-12 08:29:29.05563+00
9302a659-ec17-498e-91d4-5354c12cbd26,5b9456a0-db45-445f-87a0-58737bb89313,ce064aab-7c13-4db9-89b3-7eb444cc158b,16,11,2026-06-29 08:42:30.839291+00,2026-06-29 08:42:30.839291+00
9532827e-b4ea-4b22-9188-b3a3ba6a73df,27ce4fc5-3de9-4cf0-bfc5-5fa0addb7081,1cc4459a-e518-4a28-b323-7cbb9d07994a,27,10,2026-07-07 23:10:22.304823+00,2026-07-07 23:10:22.304823+00
955a6ac9-b843-4184-ba30-9711284ec270,6aa7c75c-0fc8-46f0-8219-84f969510a0e,e73bedf4-0330-41d0-b1e7-31cb55909eed,8,18,2026-07-15 21:05:07.755299+00,2026-07-15 21:05:07.755299+00
9753f69c-b054-4c1f-8cdf-deecaa851234,6aa7c75c-0fc8-46f0-8219-84f969510a0e,195dcc37-e60e-4608-a0dc-c12766e96259,12,16,2026-07-15 21:05:07.755299+00,2026-07-15 21:05:07.755299+00
99b3c963-2bd1-4f2a-8edc-6031a2ae3599,27ce4fc5-3de9-4cf0-bfc5-5fa0addb7081,1114a750-be9a-44a9-8d82-001931ea4466,11,15,2026-07-07 23:10:22.304823+00,2026-07-07 23:10:22.304823+00
9a55e881-5dd6-4072-ac78-d7793d3eb22f,aa9754bd-50eb-4785-8698-e56c6d3cb661,ce064aab-7c13-4db9-89b3-7eb444cc158b,20,12,2026-07-12 08:29:29.05563+00,2026-07-12 08:29:29.05563+00
9aeb6cc5-0ec3-4729-b2ed-a3a753361e9e,27ce4fc5-3de9-4cf0-bfc5-5fa0addb7081,3fe745df-9187-41d7-a785-c3736a7277d7,13,14,2026-07-07 23:10:22.304823+00,2026-07-07 23:10:22.304823+00
9b319455-731c-45ae-828c-889ebc7daf61,27ce4fc5-3de9-4cf0-bfc5-5fa0addb7081,fea5b705-eab8-4ba4-b0f2-739b370efd98,20,12,2026-07-07 23:10:22.304823+00,2026-07-07 23:10:22.304823+00
9bd254de-d04f-4a14-a778-0fef7159ff38,27ce4fc5-3de9-4cf0-bfc5-5fa0addb7081,b94d44f2-7ae2-41f4-a105-e12b6ec3a572,18,12,2026-07-07 23:10:22.304823+00,2026-07-07 23:10:22.304823+00
9c77b058-1834-4f12-b6a4-843cdcff507c,5f39c536-340b-4981-b59a-4a9d7aff9e1e,5e429458-4e6f-4df7-88bd-43977c8f74b1,23,10,2026-07-04 03:49:15.880695+00,2026-07-04 03:49:15.880695+00
9e3c8a65-73ad-43a5-ae63-598fdb819c6e,b9bd6954-7f07-432a-af76-2dc2d3e9ab1f,8050b663-c1ef-4a14-86bd-3ea225435c17,4,20,2026-07-19 22:03:06.610381+00,2026-07-19 22:03:06.610381+00
9e3fc5ea-28bf-4fab-8d10-94080316c0b6,27ce4fc5-3de9-4cf0-bfc5-5fa0addb7081,ed3a6f56-12b3-4f1a-ab83-4744531df4f1,2,19,2026-07-07 23:10:22.304823+00,2026-07-07 23:10:22.304823+00
9e4c680f-f63d-41c8-8caa-c4be861ed2d7,5b9456a0-db45-445f-87a0-58737bb89313,195dcc37-e60e-4608-a0dc-c12766e96259,22,10,2026-06-29 08:42:30.839291+00,2026-06-29 08:42:30.839291+00
9f091cad-9acb-4e79-8265-1c0bc534129c,5f39c536-340b-4981-b59a-4a9d7aff9e1e,03d17e40-bb16-4728-9043-ceb05e62c9e9,27,9,2026-07-04 03:49:15.880695+00,2026-07-04 03:49:15.880695+00
9f30be96-6930-44d2-bf30-efff92059f55,aa9754bd-50eb-4785-8698-e56c6d3cb661,3422f6a8-d289-4ce8-8135-b547ff0f9606,1,21,2026-07-12 08:29:29.05563+00,2026-07-12 08:29:29.05563+00
9f402945-90a9-47d0-98b4-a8d04eafb2de,c22e6746-73c1-4060-9194-eb35359c955e,1cc4459a-e518-4a28-b323-7cbb9d07994a,27,4,2026-06-24 06:17:24.454436+00,2026-06-24 06:17:24.454436+00
9fe25352-7eaf-42c1-900d-7ceeaa0463cd,6aa7c75c-0fc8-46f0-8219-84f969510a0e,1243a746-100c-460a-bf0f-2aadef7332b8,2,22,2026-07-15 21:05:07.755299+00,2026-07-15 21:05:07.755299+00
a080fe47-8280-48fd-80ff-951e747e8e94,32854b42-0d3a-4e2e-9555-00cd1e6c83c6,fea5b705-eab8-4ba4-b0f2-739b370efd98,9,5,2026-06-18 05:40:07.580305+00,2026-06-18 05:40:07.580305+00
a19785a3-cf99-495b-ad45-ae256dc498b7,5b9456a0-db45-445f-87a0-58737bb89313,3422f6a8-d289-4ce8-8135-b547ff0f9606,5,15,2026-06-29 08:42:30.839291+00,2026-06-29 08:42:30.839291+00
a20ac598-4ed8-4ecd-86b4-35744fc96543,6aa7c75c-0fc8-46f0-8219-84f969510a0e,6f8a0f72-aa76-4252-9486-cc8b95570923,26,10,2026-07-15 21:05:07.755299+00,2026-07-15 21:05:07.755299+00
a48b9e67-31f7-4d4f-a0b2-f31cf44fcdcc,5b9456a0-db45-445f-87a0-58737bb89313,31780afe-855c-4c9d-9cf6-56e3570c00c4,2,16,2026-06-29 08:42:30.839291+00,2026-06-29 08:42:30.839291+00
a4dbdabe-afae-450f-9b7d-7e72c9574b66,32854b42-0d3a-4e2e-9555-00cd1e6c83c6,5d4ce78f-67ee-4a61-afab-c44ffc6afe91,7,5,2026-06-18 05:40:07.580305+00,2026-06-18 05:40:07.580305+00
a5ffa922-b8da-4fe4-b064-a10a53786dae,6aa7c75c-0fc8-46f0-8219-84f969510a0e,5e429458-4e6f-4df7-88bd-43977c8f74b1,24,10,2026-07-15 21:05:07.755299+00,2026-07-15 21:05:07.755299+00
a78a2f25-46e3-461c-aebf-422e73b4f926,5b9456a0-db45-445f-87a0-58737bb89313,1cc4459a-e518-4a28-b323-7cbb9d07994a,26,9,2026-06-29 08:42:30.839291+00,2026-06-29 08:42:30.839291+00
a82173ee-e6ba-4e11-b868-19fd9d5628d7,b9bd6954-7f07-432a-af76-2dc2d3e9ab1f,6df76041-17a2-4c81-b653-82bb7124ee3f,15,14,2026-07-19 22:03:06.610381+00,2026-07-19 22:03:06.610381+00
a83f6416-715c-4b6c-a8fc-335d43de57e6,6aa7c75c-0fc8-46f0-8219-84f969510a0e,3422f6a8-d289-4ce8-8135-b547ff0f9606,1,23,2026-07-15 21:05:07.755299+00,2026-07-15 21:05:07.755299+00
a87d05cb-a409-4ebe-a682-a0fc7ea5b309,6aa7c75c-0fc8-46f0-8219-84f969510a0e,d8cc0ff6-c084-4134-8931-bf514fa05f23,25,10,2026-07-15 21:05:07.755299+00,2026-07-15 21:05:07.755299+00
a90310cc-5ddb-4f7e-8743-ed6ffe2fd5da,27ce4fc5-3de9-4cf0-bfc5-5fa0addb7081,6f8a0f72-aa76-4252-9486-cc8b95570923,26,10,2026-07-07 23:10:22.304823+00,2026-07-07 23:10:22.304823+00
aa4917a9-9f7c-4cde-ae1e-310cea696928,b9bd6954-7f07-432a-af76-2dc2d3e9ab1f,6f8a0f72-aa76-4252-9486-cc8b95570923,26,10,2026-07-19 22:03:06.610381+00,2026-07-19 22:03:06.610381+00
aa785ea9-f27f-4a5a-89da-36543800b87f,6aa7c75c-0fc8-46f0-8219-84f969510a0e,3fe745df-9187-41d7-a785-c3736a7277d7,11,16,2026-07-15 21:05:07.755299+00,2026-07-15 21:05:07.755299+00
ac72ff94-75b0-41ac-8400-00edd77e327e,c22e6746-73c1-4060-9194-eb35359c955e,8050b663-c1ef-4a14-86bd-3ea225435c17,9,8,2026-06-24 06:17:24.454436+00,2026-06-24 06:17:24.454436+00
adbf9bfc-3077-42f0-a606-071d51a2ba48,c22e6746-73c1-4060-9194-eb35359c955e,6f8a0f72-aa76-4252-9486-cc8b95570923,24,6,2026-06-24 06:17:24.454436+00,2026-06-24 06:17:24.454436+00
ae7111cf-52d6-4314-a7c6-908bc4ebe3e6,5f39c536-340b-4981-b59a-4a9d7aff9e1e,1c570e30-214d-4723-96d3-0669c937f5a4,13,14,2026-07-04 03:49:15.880695+00,2026-07-04 03:49:15.880695+00
b2e79a45-7e08-4108-9e66-81c563b5e34f,27ce4fc5-3de9-4cf0-bfc5-5fa0addb7081,b8526be4-5eb8-4f89-b015-699537c368ce,8,17,2026-07-07 23:10:22.304823+00,2026-07-07 23:10:22.304823+00
b4d0c0e7-ad19-4a11-b3f2-4411eb1e7236,5f39c536-340b-4981-b59a-4a9d7aff9e1e,1243a746-100c-460a-bf0f-2aadef7332b8,7,16,2026-07-04 03:49:15.880695+00,2026-07-04 03:49:15.880695+00
b5639480-3eba-49c2-bcb3-113c3ecbde02,aa9754bd-50eb-4785-8698-e56c6d3cb661,fea5b705-eab8-4ba4-b0f2-739b370efd98,21,12,2026-07-12 08:29:29.05563+00,2026-07-12 08:29:29.05563+00
b6a6fe6f-4540-4813-8b7e-37030b1fa34b,c22e6746-73c1-4060-9194-eb35359c955e,36e379ae-18cb-488c-a9ef-34e99c796cfe,17,7,2026-06-24 06:17:24.454436+00,2026-06-24 06:17:24.454436+00
b8385630-fad1-49a4-bc59-ccccc6c911fe,6aa7c75c-0fc8-46f0-8219-84f969510a0e,31780afe-855c-4c9d-9cf6-56e3570c00c4,10,17,2026-07-15 21:05:07.755299+00,2026-07-15 21:05:07.755299+00
b863b83d-678c-4ec5-bcf3-d3686049e5eb,27ce4fc5-3de9-4cf0-bfc5-5fa0addb7081,5d4ce78f-67ee-4a61-afab-c44ffc6afe91,3,18,2026-07-07 23:10:22.304823+00,2026-07-07 23:10:22.304823+00
b9beecee-0b30-45c7-b57f-f870b375823c,c22e6746-73c1-4060-9194-eb35359c955e,3d58a7df-9922-413e-b42a-c2f162fb834c,19,7,2026-06-24 06:17:24.454436+00,2026-06-24 06:17:24.454436+00
bbcb194e-a42f-4189-ba7f-754a540bde8c,32854b42-0d3a-4e2e-9555-00cd1e6c83c6,d8cc0ff6-c084-4134-8931-bf514fa05f23,27,2,2026-06-18 05:40:07.580305+00,2026-06-18 05:40:07.580305+00
bcd4b343-bf63-41ac-9147-efa6f522e67d,b9bd6954-7f07-432a-af76-2dc2d3e9ab1f,ed3a6f56-12b3-4f1a-ab83-4744531df4f1,7,19,2026-07-19 22:03:06.610381+00,2026-07-19 22:03:06.610381+00
bf0b13d2-f62d-42cd-93d2-100c71bfe27a,318f2b2d-d52a-4102-bd8d-7ab594a40f42,8050b663-c1ef-4a14-86bd-3ea225435c17,8,0,2026-06-18 15:05:59.288454+00,2026-06-18 15:05:59.288454+00
c0bd162e-f394-4aa8-8b05-b8bbd3ef9aa3,b9bd6954-7f07-432a-af76-2dc2d3e9ab1f,1114a750-be9a-44a9-8d82-001931ea4466,13,15,2026-07-19 22:03:06.610381+00,2026-07-19 22:03:06.610381+00
c268f6e7-3bf2-4f6c-b3f9-84995ced68a6,6aa7c75c-0fc8-46f0-8219-84f969510a0e,03d17e40-bb16-4728-9043-ceb05e62c9e9,17,13,2026-07-15 21:05:07.755299+00,2026-07-15 21:05:07.755299+00
c4a5d742-1533-4bad-8e7d-808c58ec765d,5f39c536-340b-4981-b59a-4a9d7aff9e1e,71391ec7-5614-4690-8008-e2e16163570b,14,13,2026-07-04 03:49:15.880695+00,2026-07-04 03:49:15.880695+00
c4bb7c64-41d7-4931-bbe4-0c9d1b0fb224,6aa7c75c-0fc8-46f0-8219-84f969510a0e,36e379ae-18cb-488c-a9ef-34e99c796cfe,22,12,2026-07-15 21:05:07.755299+00,2026-07-15 21:05:07.755299+00
c5f8cc86-33e1-45e2-8482-e0296f8bde38,aa9754bd-50eb-4785-8698-e56c6d3cb661,38120818-5997-43e2-a907-f86000cf4b53,5,19,2026-07-12 08:29:29.05563+00,2026-07-12 08:29:29.05563+00
c7bf09bf-a63b-4c9d-afcf-3319f103641c,32854b42-0d3a-4e2e-9555-00cd1e6c83c6,71391ec7-5614-4690-8008-e2e16163570b,12,5,2026-06-18 05:40:07.580305+00,2026-06-18 05:40:07.580305+00
c945a66f-31da-4d3d-b074-e4d6b5ce05cd,318f2b2d-d52a-4102-bd8d-7ab594a40f42,03d17e40-bb16-4728-9043-ceb05e62c9e9,6,0,2026-06-18 15:05:59.288454+00,2026-06-18 15:05:59.288454+00
c97a52ef-515f-4f74-b1fc-f62de3a44201,aa9754bd-50eb-4785-8698-e56c6d3cb661,e73bedf4-0330-41d0-b1e7-31cb55909eed,7,18,2026-07-12 08:29:29.05563+00,2026-07-12 08:29:29.05563+00
ca604be7-660a-4803-8edf-b2c34236a4df,b9bd6954-7f07-432a-af76-2dc2d3e9ab1f,31780afe-855c-4c9d-9cf6-56e3570c00c4,10,17,2026-07-19 22:03:06.610381+00,2026-07-19 22:03:06.610381+00
ca87ef64-fde5-461e-8330-c563097f915e,5b9456a0-db45-445f-87a0-58737bb89313,fea5b705-eab8-4ba4-b0f2-739b370efd98,17,11,2026-06-29 08:42:30.839291+00,2026-06-29 08:42:30.839291+00
cae1bacd-3f96-4ca5-95bf-ad2cc34a7edd,5f39c536-340b-4981-b59a-4a9d7aff9e1e,36e379ae-18cb-488c-a9ef-34e99c796cfe,21,12,2026-07-04 03:49:15.880695+00,2026-07-04 03:49:15.880695+00
caf2b112-6f0d-4d61-8a08-1a2ec753f0bc,c22e6746-73c1-4060-9194-eb35359c955e,b94d44f2-7ae2-41f4-a105-e12b6ec3a572,25,5,2026-06-24 06:17:24.454436+00,2026-06-24 06:17:24.454436+00
cc36b0aa-d1f9-40ef-b0c0-eb3a34aa2fda,b9bd6954-7f07-432a-af76-2dc2d3e9ab1f,5d4ce78f-67ee-4a61-afab-c44ffc6afe91,3,20,2026-07-19 22:03:06.610381+00,2026-07-19 22:03:06.610381+00
cd2dc6f5-6e4f-4911-9c3f-0e5bc5ff0b84,c22e6746-73c1-4060-9194-eb35359c955e,38120818-5997-43e2-a907-f86000cf4b53,8,8,2026-06-24 06:17:24.454436+00,2026-06-24 06:17:24.454436+00
ce79981b-1595-4da4-8d92-050dfaaaf89b,6aa7c75c-0fc8-46f0-8219-84f969510a0e,c599dde6-99b1-4e0e-a4cf-2842c8f62162,14,15,2026-07-15 21:05:07.755299+00,2026-07-15 21:05:07.755299+00
d0ea24fc-e09e-47b7-b120-a34ad98d60cc,318f2b2d-d52a-4102-bd8d-7ab594a40f42,1114a750-be9a-44a9-8d82-001931ea4466,18,0,2026-06-18 15:05:59.288454+00,2026-06-18 15:05:59.288454+00
d10a3b1a-d03d-4699-8eaa-d1b8546f4d46,32854b42-0d3a-4e2e-9555-00cd1e6c83c6,b94d44f2-7ae2-41f4-a105-e12b6ec3a572,21,3,2026-06-18 05:40:07.580305+00,2026-06-18 05:40:07.580305+00
d19369f4-e65f-45a1-a305-3b01df26f8cc,27ce4fc5-3de9-4cf0-bfc5-5fa0addb7081,d8cc0ff6-c084-4134-8931-bf514fa05f23,25,10,2026-07-07 23:10:22.304823+00,2026-07-07 23:10:22.304823+00
d1e2b249-bbb0-4004-8138-7a0d6920e56d,aa9754bd-50eb-4785-8698-e56c6d3cb661,1114a750-be9a-44a9-8d82-001931ea4466,13,15,2026-07-12 08:29:29.05563+00,2026-07-12 08:29:29.05563+00
d2c442b5-72a0-42f1-a779-c8f2973def1e,318f2b2d-d52a-4102-bd8d-7ab594a40f42,e73bedf4-0330-41d0-b1e7-31cb55909eed,3,0,2026-06-18 15:05:59.288454+00,2026-06-18 15:05:59.288454+00
d38e2103-d155-428b-9527-54844563cabd,5f39c536-340b-4981-b59a-4a9d7aff9e1e,b8526be4-5eb8-4f89-b015-699537c368ce,4,17,2026-07-04 03:49:15.880695+00,2026-07-04 03:49:15.880695+00
d3ddc10a-b456-46ae-82c0-af8a70356083,b9bd6954-7f07-432a-af76-2dc2d3e9ab1f,3422f6a8-d289-4ce8-8135-b547ff0f9606,1,25,2026-07-19 22:03:06.610381+00,2026-07-19 22:03:06.610381+00
d63905d2-358a-4c63-aa93-66ab74c1c881,5f39c536-340b-4981-b59a-4a9d7aff9e1e,ce064aab-7c13-4db9-89b3-7eb444cc158b,19,12,2026-07-04 03:49:15.880695+00,2026-07-04 03:49:15.880695+00
d6d8fc00-0a5c-490b-8ed0-db100fef612c,318f2b2d-d52a-4102-bd8d-7ab594a40f42,1c570e30-214d-4723-96d3-0669c937f5a4,19,0,2026-06-18 15:05:59.288454+00,2026-06-18 15:05:59.288454+00
d7ef44fa-3c11-451c-a8fc-df9e4a5373ab,aa9754bd-50eb-4785-8698-e56c6d3cb661,03d17e40-bb16-4728-9043-ceb05e62c9e9,17,13,2026-07-12 08:29:29.05563+00,2026-07-12 08:29:29.05563+00
d8d4a630-0c86-42f0-8572-bf042f5f1c2d,5f39c536-340b-4981-b59a-4a9d7aff9e1e,1cc4459a-e518-4a28-b323-7cbb9d07994a,26,10,2026-07-04 03:49:15.880695+00,2026-07-04 03:49:15.880695+00
dafd3d74-e192-41f8-92a5-4a689fd1803f,aa9754bd-50eb-4785-8698-e56c6d3cb661,8050b663-c1ef-4a14-86bd-3ea225435c17,4,20,2026-07-12 08:29:29.05563+00,2026-07-12 08:29:29.05563+00
dd597abe-88f0-401b-adf7-7a9c545c5265,5f39c536-340b-4981-b59a-4a9d7aff9e1e,b3d06ab8-28c8-4e46-a174-1da15c08949c,22,11,2026-07-04 03:49:15.880695+00,2026-07-04 03:49:15.880695+00
de618273-fd66-428b-8195-9a819889f7bf,27ce4fc5-3de9-4cf0-bfc5-5fa0addb7081,ce064aab-7c13-4db9-89b3-7eb444cc158b,19,12,2026-07-07 23:10:22.304823+00,2026-07-07 23:10:22.304823+00
de6a08a5-8348-4fa9-a23f-573876156094,c22e6746-73c1-4060-9194-eb35359c955e,31780afe-855c-4c9d-9cf6-56e3570c00c4,2,10,2026-06-24 06:17:24.454436+00,2026-06-24 06:17:24.454436+00
de7e17c4-79ef-4ba1-bd66-069b01508717,5f39c536-340b-4981-b59a-4a9d7aff9e1e,d8cc0ff6-c084-4134-8931-bf514fa05f23,24,10,2026-07-04 03:49:15.880695+00,2026-07-04 03:49:15.880695+00
def92328-4e6d-4bcd-a010-cc16da286312,b9bd6954-7f07-432a-af76-2dc2d3e9ab1f,195dcc37-e60e-4608-a0dc-c12766e96259,12,16,2026-07-19 22:03:06.610381+00,2026-07-19 22:03:06.610381+00
dfcd88b8-f47b-49cb-bbe2-1cf98a50dd8c,6aa7c75c-0fc8-46f0-8219-84f969510a0e,3d58a7df-9922-413e-b42a-c2f162fb834c,18,13,2026-07-15 21:05:07.755299+00,2026-07-15 21:05:07.755299+00
e200012d-b8e6-42e6-98c8-b5b02a0fe02f,318f2b2d-d52a-4102-bd8d-7ab594a40f42,38120818-5997-43e2-a907-f86000cf4b53,7,0,2026-06-18 15:05:59.288454+00,2026-06-18 15:05:59.288454+00
e4163fba-76c1-4269-82d8-ab114c296a9b,5b9456a0-db45-445f-87a0-58737bb89313,3d58a7df-9922-413e-b42a-c2f162fb834c,14,12,2026-06-29 08:42:30.839291+00,2026-06-29 08:42:30.839291+00
e7cef29e-20ca-4615-9484-0a79c7d3de40,5b9456a0-db45-445f-87a0-58737bb89313,ed3a6f56-12b3-4f1a-ab83-4744531df4f1,3,16,2026-06-29 08:42:30.839291+00,2026-06-29 08:42:30.839291+00
e7cf67c2-3bcf-4217-befd-4658217a768e,6aa7c75c-0fc8-46f0-8219-84f969510a0e,ce064aab-7c13-4db9-89b3-7eb444cc158b,20,12,2026-07-15 21:05:07.755299+00,2026-07-15 21:05:07.755299+00
e8449ea5-eb24-472a-9e1a-1072061c4538,c22e6746-73c1-4060-9194-eb35359c955e,03d17e40-bb16-4728-9043-ceb05e62c9e9,15,7,2026-06-24 06:17:24.454436+00,2026-06-24 06:17:24.454436+00
ea66ef7f-2ea8-4fb3-bc93-78365a9b785b,6aa7c75c-0fc8-46f0-8219-84f969510a0e,5d4ce78f-67ee-4a61-afab-c44ffc6afe91,3,20,2026-07-15 21:05:07.755299+00,2026-07-15 21:05:07.755299+00
ec26669a-4c99-405e-af47-0dffd520419a,b9bd6954-7f07-432a-af76-2dc2d3e9ab1f,38120818-5997-43e2-a907-f86000cf4b53,6,19,2026-07-19 22:03:06.610381+00,2026-07-19 22:03:06.610381+00
ec7a02cb-209f-40f0-aba2-a419ffa63ec3,c22e6746-73c1-4060-9194-eb35359c955e,b8526be4-5eb8-4f89-b015-699537c368ce,1,10,2026-06-24 06:17:24.454436+00,2026-06-24 06:17:24.454436+00
ed945b76-d764-479c-8673-0d822902df58,b9bd6954-7f07-432a-af76-2dc2d3e9ab1f,b94d44f2-7ae2-41f4-a105-e12b6ec3a572,19,12,2026-07-19 22:03:06.610381+00,2026-07-19 22:03:06.610381+00
eedf7ddb-9a09-4466-90e0-a96dafa0528b,32854b42-0d3a-4e2e-9555-00cd1e6c83c6,c599dde6-99b1-4e0e-a4cf-2842c8f62162,15,5,2026-06-18 05:40:07.580305+00,2026-06-18 05:40:07.580305+00
ef57ecd4-3888-4728-b45b-ba66e62acd7a,b9bd6954-7f07-432a-af76-2dc2d3e9ab1f,b3d06ab8-28c8-4e46-a174-1da15c08949c,23,11,2026-07-19 22:03:06.610381+00,2026-07-19 22:03:06.610381+00
ef8f87c7-c55f-4e44-8d2d-ae9166e755f1,5b9456a0-db45-445f-87a0-58737bb89313,e73bedf4-0330-41d0-b1e7-31cb55909eed,4,16,2026-06-29 08:42:30.839291+00,2026-06-29 08:42:30.839291+00
f35403bb-f218-4a67-a142-e790ecec9973,b9bd6954-7f07-432a-af76-2dc2d3e9ab1f,03d17e40-bb16-4728-9043-ceb05e62c9e9,17,13,2026-07-19 22:03:06.610381+00,2026-07-19 22:03:06.610381+00
f46b367e-1933-478b-856b-9054decca88f,318f2b2d-d52a-4102-bd8d-7ab594a40f42,fea5b705-eab8-4ba4-b0f2-739b370efd98,24,0,2026-06-18 15:05:59.288454+00,2026-06-18 15:05:59.288454+00
f55bed59-bf37-4f9f-9dfa-f40064618dfb,6aa7c75c-0fc8-46f0-8219-84f969510a0e,1c570e30-214d-4723-96d3-0669c937f5a4,16,14,2026-07-15 21:05:07.755299+00,2026-07-15 21:05:07.755299+00
f5861b46-5417-418a-973a-f8587d0ed02c,27ce4fc5-3de9-4cf0-bfc5-5fa0addb7081,71391ec7-5614-4690-8008-e2e16163570b,10,15,2026-07-07 23:10:22.304823+00,2026-07-07 23:10:22.304823+00
f5fcf277-446d-4cff-a597-e9ea44aa1ba1,6aa7c75c-0fc8-46f0-8219-84f969510a0e,b94d44f2-7ae2-41f4-a105-e12b6ec3a572,19,12,2026-07-15 21:05:07.755299+00,2026-07-15 21:05:07.755299+00
f6719b65-e2be-46f3-8e4f-868c0c23d95b,32854b42-0d3a-4e2e-9555-00cd1e6c83c6,03d17e40-bb16-4728-9043-ceb05e62c9e9,25,3,2026-06-18 05:40:07.580305+00,2026-06-18 05:40:07.580305+00
f6cb6e5e-d768-4116-8c45-1bdf32b65eff,aa9754bd-50eb-4785-8698-e56c6d3cb661,1243a746-100c-460a-bf0f-2aadef7332b8,3,20,2026-07-12 08:29:29.05563+00,2026-07-12 08:29:29.05563+00
f782386c-b972-423a-93a0-ed2efb12b87c,5b9456a0-db45-445f-87a0-58737bb89313,1c570e30-214d-4723-96d3-0669c937f5a4,12,13,2026-06-29 08:42:30.839291+00,2026-06-29 08:42:30.839291+00
f80ec049-30e0-4c24-9e71-063913a87caf,5b9456a0-db45-445f-87a0-58737bb89313,b8526be4-5eb8-4f89-b015-699537c368ce,1,16,2026-06-29 08:42:30.839291+00,2026-06-29 08:42:30.839291+00
f8ea2c74-6b83-4975-82fd-76222c4d58cd,c22e6746-73c1-4060-9194-eb35359c955e,71391ec7-5614-4690-8008-e2e16163570b,7,8,2026-06-24 06:17:24.454436+00,2026-06-24 06:17:24.454436+00
f90b85e2-147b-4902-b1a2-7ebc55eed44d,32854b42-0d3a-4e2e-9555-00cd1e6c83c6,3d58a7df-9922-413e-b42a-c2f162fb834c,14,5,2026-06-18 05:40:07.580305+00,2026-06-18 05:40:07.580305+00
fae61c20-1940-4179-a356-ee2f3d4509a1,aa9754bd-50eb-4785-8698-e56c6d3cb661,ed3a6f56-12b3-4f1a-ab83-4744531df4f1,6,19,2026-07-12 08:29:29.05563+00,2026-07-12 08:29:29.05563+00
fb5620dc-7ea3-423e-b019-5acd5f44f1d1,c22e6746-73c1-4060-9194-eb35359c955e,3422f6a8-d289-4ce8-8135-b547ff0f9606,6,9,2026-06-24 06:17:24.454436+00,2026-06-24 06:17:24.454436+00
fe01dee1-b4e4-4db8-a564-aa76b5bc5b3f,318f2b2d-d52a-4102-bd8d-7ab594a40f42,d8cc0ff6-c084-4134-8931-bf514fa05f23,21,0,2026-06-18 15:05:59.288454+00,2026-06-18 15:05:59.288454+00
feb25be4-b101-4114-91fd-a78e72ff1099,aa9754bd-50eb-4785-8698-e56c6d3cb661,6df76041-17a2-4c81-b653-82bb7124ee3f,15,14,2026-07-12 08:29:29.05563+00,2026-07-12 08:29:29.05563+00
feca1e65-0bb5-426c-a00d-136f2d0f7ce3,b9bd6954-7f07-432a-af76-2dc2d3e9ab1f,3d58a7df-9922-413e-b42a-c2f162fb834c,18,13,2026-07-19 22:03:06.610381+00,2026-07-19 22:03:06.610381+00