id,round_id,home_team_id,away_team_id,kickoff,home_score,away_score,status,odds_home,odds_draw,odds_away,odds_updated_at,created_at,is_third_place,pens_winner_id,match_number,venue,confirmed,elapsed_minutes,api_status,odds_home_prev,odds_draw_prev,odds_away_prev,expected_home_score,expected_away_score
00087c0b-a720-4e3b-acd8-4f259e3f4af7,5b9456a0-db45-445f-87a0-58737bb89313,52f066d8-0a7a-42c5-8a6b-103ec4ba2c91,cba2c884-3603-4b90-976e-49389b04f562,2026-06-24 22:00:00+00,0,3,complete,9.50,5.00,1.30,,2026-04-14 18:08:42.801797+00,false,,49,Miami,true,,FINISHED,9,5,1.3,0,1
006b2c74-d118-431d-b856-d6b2fa148d07,c22e6746-73c1-4060-9194-eb35359c955e,95b1e39e-97c3-4d45-9714-3f507d7c52f1,52eaa3b4-081b-4393-b291-d69c644c612e,2026-06-22 17:00:00+00,2,0,complete,1.44,4.00,7.00,,2026-04-14 18:08:42.801797+00,false,,43,Dallas,true,,FINISHED,1.6,3.75,5.5,2,0
00b8176c-7982-4869-afe6-35e05e89d930,aa9754bd-50eb-4785-8698-e56c6d3cb661,95b1e39e-97c3-4d45-9714-3f507d7c52f1,acfbd82a-7005-41b9-9613-606ceefc857e,2026-07-12 01:00:00+00,3,1,complete,1.70,3.30,5.50,,2026-04-19 19:45:22.650156+00,false,,100,Kansas City,true,,FINISHED,1.7,3.4,5,,
05e45fa7-7370-410b-af83-1ce4a669acfc,c22e6746-73c1-4060-9194-eb35359c955e,20e98c7a-4548-44f8-964d-7aba42ae7624,151a98cf-99e8-4e7a-ab57-396a13db4a72,2026-06-23 00:00:00+00,3,2,complete,2.10,3.30,3.25,,2026-04-14 18:08:42.801797+00,false,,41,New York,true,,FINISHED,2.3,3.3,2.9,1,1
0635f748-c59a-4104-b439-1c84c2e81460,5b9456a0-db45-445f-87a0-58737bb89313,151a98cf-99e8-4e7a-ab57-396a13db4a72,f27875c8-4818-4323-8d45-333b7f82cf57,2026-06-26 19:00:00+00,5,0,complete,1.20,6.00,12.00,,2026-04-14 18:08:42.801797+00,false,,62,Toronto,true,,FINISHED,1.22,6,12,2,1
09779cac-8a10-4c3d-a107-9f9490f548f1,c22e6746-73c1-4060-9194-eb35359c955e,acfbd82a-7005-41b9-9613-606ceefc857e,4976e7fd-9b45-4cc7-b741-fe801fcee2d0,2026-06-18 19:00:00+00,4,1,complete,1.55,3.90,5.80,,2026-04-14 18:08:42.801797+00,false,,26,Los Angeles,true,,FINISHED,1.53,3.9,6,1,0
09f1fc45-6061-4b0f-a5bb-25868f5a4a57,5f39c536-340b-4981-b59a-4a9d7aff9e1e,e176dd2c-4446-4811-b4cc-fc28e9c2ab25,cd984ce3-2f2c-41d5-a7ba-137060caf8ae,2026-07-01 01:00:00+00,2,0,complete,2.20,2.80,3.90,,2026-04-19 19:45:29.973987+00,false,,79,Mexico City,true,,FINISHED,2.15,2.9,3.8,,
0aa39c05-82fc-4131-9670-9fe588932f2d,32854b42-0d3a-4e2e-9555-00cd1e6c83c6,600575e1-d737-452a-abec-c6e22da92787,acfbd82a-7005-41b9-9613-606ceefc857e,2026-06-13 19:00:00+00,1,1,complete,13.00,5.80,1.22,,2026-04-14 18:08:42.801797+00,false,,8,San Francisco,true,,FINISHED,,,,,
0abac47a-3e0a-4c4d-a733-fd3c5e94beed,aa9754bd-50eb-4785-8698-e56c6d3cb661,20e98c7a-4548-44f8-964d-7aba42ae7624,1b2fe4cc-3105-4e0b-b1ff-06f91c466ef7,2026-07-11 21:00:00+00,1,2,complete,3.80,3.50,1.85,,2026-04-19 19:45:29.973987+00,false,,99,Miami,true,,FINISHED,4,3.5,1.85,,
0bcfd687-dbd6-4369-bb0f-8fd682346491,5f39c536-340b-4981-b59a-4a9d7aff9e1e,6527ec07-bc6b-4b53-8bff-90b6f622aece,4976e7fd-9b45-4cc7-b741-fe801fcee2d0,2026-07-02 00:00:00+00,2,0,complete,1.35,4.80,8.00,,2026-04-19 19:45:29.973987+00,false,,81,San Francisco,true,,FINISHED,1.36,4.6,8,,
0ef4fa94-95e2-4f21-bf22-2dbd50f2426c,aa9754bd-50eb-4785-8698-e56c6d3cb661,f2c7a0c3-9a4c-4e3f-92a3-39abff0ce8e2,fcc03c57-8857-4986-98b0-0e30fb42ab2a,2026-07-09 20:00:00+00,2,0,complete,1.57,3.80,6.00,,2026-04-19 19:45:22.650156+00,false,,97,Boston,true,,FINISHED,1.57,3.7,5.8,,
15148b9f-4d4c-40b4-8905-e533ff0ca8d4,32854b42-0d3a-4e2e-9555-00cd1e6c83c6,910a4a31-591d-4c32-8b57-b0d0bbde5a26,a1cbc3f2-826a-4c04-803b-b5c2930d3c42,2026-06-15 02:00:00+00,5,1,complete,1.91,3.25,4.00,,2026-04-14 18:08:42.801797+00,false,,12,Monterrey,true,,FINISHED,,,,,
15a9d048-eb7c-464c-8034-cb2e8508bc61,27ce4fc5-3de9-4cf0-bfc5-5fa0addb7081,6527ec07-bc6b-4b53-8bff-90b6f622aece,8682004e-e186-4705-aa29-9704b2815dc4,2026-07-07 00:00:00+00,1,4,complete,2.50,3.25,2.62,,2026-04-19 19:45:22.650156+00,false,,94,Seattle,true,,FINISHED,2.6,3.3,2.6,,
1aa10d87-0313-4753-98b0-d24ab8bb444c,32854b42-0d3a-4e2e-9555-00cd1e6c83c6,6527ec07-bc6b-4b53-8bff-90b6f622aece,c8e5c035-af92-4497-b96c-82f2c0a15214,2026-06-13 01:00:00+00,4,1,complete,2.00,3.20,3.70,,2026-04-14 18:08:42.801797+00,false,,4,Los Angeles,true,,FINISHED,,,,,
1e0e13f8-56b5-42c1-bd5a-8530c015553c,5f39c536-340b-4981-b59a-4a9d7aff9e1e,f99d6725-238c-4d95-8502-9d25b4a6e89e,ddd77a2f-eb9f-4a20-8ae4-e1ca55c21893,2026-07-03 18:00:00+00,1,1,complete,3.40,2.88,2.30,,2026-04-19 19:45:29.973987+00,false,ddd77a2f-eb9f-4a20-8ae4-e1ca55c21893,88,Dallas,true,,FINISHED_PENS_AWAY,3.2,2.8,2.4,,
1f013a7e-8052-415d-8090-99a4cfba5780,5f39c536-340b-4981-b59a-4a9d7aff9e1e,cffa413c-8c76-45a6-843e-87c34e78e45a,c8e5c035-af92-4497-b96c-82f2c0a15214,2026-06-29 20:30:00+00,1,1,complete,1.36,4.75,8.00,,2026-04-19 19:45:29.973987+00,false,c8e5c035-af92-4497-b96c-82f2c0a15214,74,Boston,true,,FINISHED_PENS_AWAY,1.35,4.8,8,,
1fd593cc-3f89-4335-8c34-1d4183911037,5f39c536-340b-4981-b59a-4a9d7aff9e1e,2044181c-c7e7-4759-8101-4779166812e3,fcc03c57-8857-4986-98b0-0e30fb42ab2a,2026-06-30 01:00:00+00,1,1,complete,2.30,3.00,3.10,,2026-04-19 19:45:22.650156+00,false,fcc03c57-8857-4986-98b0-0e30fb42ab2a,75,Monterrey,true,,FINISHED_PENS_AWAY,2.25,3,3.3,,
1fecd180-a5d7-4da8-bf23-72d2c4e5c280,2fd614f4-1aa7-43d5-beeb-be06f5530a85,f2c7a0c3-9a4c-4e3f-92a3-39abff0ce8e2,1b2fe4cc-3105-4e0b-b1ff-06f91c466ef7,2026-07-18 21:00:00+00,4,6,complete,,,,,2026-04-19 19:45:22.650156+00,true,,103,Miami,true,,FINISHED,,,,,
236c08bc-7541-4651-8d66-87c6d653553a,5f39c536-340b-4981-b59a-4a9d7aff9e1e,54ef8b7c-5afd-4a48-a3b9-d6701dd757f9,20e98c7a-4548-44f8-964d-7aba42ae7624,2026-06-30 17:00:00+00,1,2,complete,3.50,3.40,2.05,,2026-04-19 19:45:29.973987+00,false,,78,Dallas,true,,FINISHED,3.6,3.4,2,,
24a55af4-cc2c-4c75-a9c3-f0ba07f8965e,5b9456a0-db45-445f-87a0-58737bb89313,fcc03c57-8857-4986-98b0-0e30fb42ab2a,7f560d60-00fc-46e1-b81b-4e7234b7cb04,2026-06-24 22:00:00+00,4,2,complete,1.17,6.50,17.00,,2026-04-14 18:08:42.801797+00,false,,50,Atlanta,true,,FINISHED,1.18,6.5,15,3,0
25314813-cb44-4dc2-a23b-09ddf7c0e193,c22e6746-73c1-4060-9194-eb35359c955e,1b2fe4cc-3105-4e0b-b1ff-06f91c466ef7,61d8b501-96d1-4043-a2b7-de27e9b137d7,2026-06-23 20:00:00+00,0,0,complete,1.20,7.00,19.00,,2026-04-14 18:08:42.801797+00,false,,45,Boston,true,,FINISHED,1.22,6.5,13,3,1
25cced55-f450-45fb-b776-c81cf7419b07,27ce4fc5-3de9-4cf0-bfc5-5fa0addb7081,eaca3063-d90c-4007-b3d8-ba829b3ee14e,6ea9375b-d599-463f-96e6-c87d9209e9b2,2026-07-06 19:00:00+00,0,1,complete,3.90,3.40,1.91,,2026-04-19 19:45:22.650156+00,false,,93,Dallas,true,,FINISHED,3.75,3.5,1.91,,
2737b00b-6825-43fa-900a-0a522772306f,32854b42-0d3a-4e2e-9555-00cd1e6c83c6,7f560d60-00fc-46e1-b81b-4e7234b7cb04,52f066d8-0a7a-42c5-8a6b-103ec4ba2c91,2026-06-14 01:00:00+00,0,1,complete,6.00,4.20,1.50,,2026-04-14 18:08:42.801797+00,false,,5,Boston,true,,FINISHED,,,,,
2b5bb71c-92cc-4afa-b379-e31f3af967eb,c22e6746-73c1-4060-9194-eb35359c955e,2044181c-c7e7-4759-8101-4779166812e3,910a4a31-591d-4c32-8b57-b0d0bbde5a26,2026-06-20 17:00:00+00,5,1,complete,1.73,3.60,4.50,,2026-04-14 18:08:42.801797+00,false,,35,Houston,true,,FINISHED,1.73,3.6,4.6,2,0
2b8d5341-a73c-40fb-a9e4-975e879b65d3,32854b42-0d3a-4e2e-9555-00cd1e6c83c6,4f0f3776-f99f-4c06-9eb4-0acd2825d8c2,4976e7fd-9b45-4cc7-b741-fe801fcee2d0,2026-06-12 19:00:00+00,1,1,complete,1.80,3.30,4.50,,2026-04-14 18:08:42.801797+00,false,,3,Toronto,true,,FINISHED,,,,,
2cc09d93-3fa3-44d0-9049-5b90ac167097,32854b42-0d3a-4e2e-9555-00cd1e6c83c6,f99d6725-238c-4d95-8502-9d25b4a6e89e,87881cf2-7a14-4afa-9912-0ef5b2672387,2026-06-14 04:00:00+00,2,0,complete,4.80,3.60,1.67,,2026-04-14 18:08:42.801797+00,false,,6,Vancouver,true,,FINISHED,,,,,
2e98ff8b-14f8-427d-bf77-320b06b02c7c,5f39c536-340b-4981-b59a-4a9d7aff9e1e,acfbd82a-7005-41b9-9613-606ceefc857e,b6afbe52-5067-4263-a750-6101f6efedc0,2026-07-03 03:00:00+00,2,0,complete,2.00,3.20,3.80,,2026-04-19 19:45:22.650156+00,false,,85,Vancouver,true,,FINISHED,2,3.2,3.8,,
34faf1f8-d253-4f37-a9d3-6f7806842d1b,c22e6746-73c1-4060-9194-eb35359c955e,6ea9375b-d599-463f-96e6-c87d9209e9b2,622bb3ef-bc6e-4c9a-9efe-aae4d0f95822,2026-06-21 16:00:00+00,4,0,complete,1.10,9.50,29.00,,2026-04-14 18:08:42.801797+00,false,,38,Atlanta,true,,FINISHED,1.1,9.5,29,2,1
356341b8-bf0c-49e3-9811-85ca67b9eea8,5f39c536-340b-4981-b59a-4a9d7aff9e1e,95b1e39e-97c3-4d45-9714-3f507d7c52f1,1270b02b-ff92-4068-a52e-ae90bcae805b,2026-07-03 22:00:00+00,3,2,complete,1.12,8.00,19.00,,2026-04-19 19:45:22.650156+00,false,,86,Miami,true,,FINISHED,1.14,7.5,21,,
371dfc3a-483b-4b55-9462-6a8b23f9cb6e,c22e6746-73c1-4060-9194-eb35359c955e,a760ffb3-5775-4d7d-b803-cf0087525d91,ddd77a2f-eb9f-4a20-8ae4-e1ca55c21893,2026-06-22 01:00:00+00,1,3,complete,5.00,3.90,1.60,,2026-04-14 18:08:42.801797+00,false,,40,Vancouver,true,,FINISHED,5,3.9,1.6,0,1
3ca50009-6690-4197-8fbb-29612575864d,27ce4fc5-3de9-4cf0-bfc5-5fa0addb7081,c8e5c035-af92-4497-b96c-82f2c0a15214,f2c7a0c3-9a4c-4e3f-92a3-39abff0ce8e2,2026-07-04 21:00:00+00,0,1,complete,15.00,6.50,1.18,,2026-04-19 19:45:22.650156+00,false,,89,Philadelphia,true,,FINISHED,15,7,1.18,,
3fade0b4-4567-4b5f-b099-f865cca5e2ed,5b9456a0-db45-445f-87a0-58737bb89313,8cccecd8-b1ab-4159-bf35-29ef0db369c4,61d8b501-96d1-4043-a2b7-de27e9b137d7,2026-06-27 21:00:00+00,2,1,complete,1.85,3.10,4.40,,2026-04-14 18:08:42.801797+00,false,,68,Philadelphia,true,,FINISHED,1.73,3.3,5,2,1
447d4217-d302-49c0-980c-cd1359ccb3c5,c22e6746-73c1-4060-9194-eb35359c955e,cd984ce3-2f2c-41d5-a7ba-137060caf8ae,666ba168-4d8b-4060-8e4b-e1dd7b2a7503,2026-06-21 00:00:00+00,0,0,complete,1.10,9.50,29.00,,2026-04-14 18:08:42.801797+00,false,,34,Kansas City,true,,FINISHED,1.1,9.5,29,3,1
4645c3d2-2710-4c1f-a94b-f1a4b24de902,c22e6746-73c1-4060-9194-eb35359c955e,52f066d8-0a7a-42c5-8a6b-103ec4ba2c91,fcc03c57-8857-4986-98b0-0e30fb42ab2a,2026-06-19 22:00:00+00,0,1,complete,5.00,3.40,1.67,,2026-04-14 18:08:42.801797+00,false,,30,Boston,true,,FINISHED,4.8,3.4,1.73,1,2
472a5e3d-5ce9-46a8-9abf-fa5593699943,32854b42-0d3a-4e2e-9555-00cd1e6c83c6,f27875c8-4818-4323-8d45-333b7f82cf57,20e98c7a-4548-44f8-964d-7aba42ae7624,2026-06-16 22:00:00+00,1,4,complete,13.00,6.00,1.20,,2026-04-14 18:08:42.801797+00,false,,18,Boston,true,,FINISHED,13,6,1.25,,
4a1a38c4-fe97-4d42-a2ff-8a0caa18ff17,5b9456a0-db45-445f-87a0-58737bb89313,d6209663-7a5c-4736-b346-cde299b554b2,e176dd2c-4446-4811-b4cc-fc28e9c2ab25,2026-06-25 01:00:00+00,0,3,complete,3.60,3.60,1.91,,2026-04-14 18:08:42.801797+00,false,,53,Mexico City,true,,FINISHED,3.6,3.7,1.85,1,1
4e6332aa-4d1e-4c23-b657-4d3dd2747af3,c22e6746-73c1-4060-9194-eb35359c955e,f2c7a0c3-9a4c-4e3f-92a3-39abff0ce8e2,f27875c8-4818-4323-8d45-333b7f82cf57,2026-06-22 21:00:00+00,3,0,complete,1.10,10.00,23.00,,2026-04-14 18:08:42.801797+00,false,,42,Philadelphia,true,,FINISHED,1.08,10,29,3,0
4ec3afba-9a7c-4409-87d0-7d3f64316c22,6aa7c75c-0fc8-46f0-8219-84f969510a0e,f2c7a0c3-9a4c-4e3f-92a3-39abff0ce8e2,6ea9375b-d599-463f-96e6-c87d9209e9b2,2026-07-14 19:00:00+00,0,2,complete,2.38,3.10,3.20,,2026-04-19 19:45:29.973987+00,false,,101,Dallas,true,,FINISHED,2.3,3.1,3,,
53d7793c-7e1b-4a8a-bd9e-8044f4ffc71b,c22e6746-73c1-4060-9194-eb35359c955e,4f0f3776-f99f-4c06-9eb4-0acd2825d8c2,600575e1-d737-452a-abec-c6e22da92787,2026-06-18 22:00:00+00,6,0,complete,1.29,5.00,10.00,,2026-04-14 18:08:42.801797+00,false,,27,Vancouver,true,,FINISHED,1.25,5,10,3,0
558a4b5f-74e2-4687-95d5-2f6e52c5acc7,5b9456a0-db45-445f-87a0-58737bb89313,ee8ecff9-d0b1-4aa8-ab21-da08a6c9229a,6ea9375b-d599-463f-96e6-c87d9209e9b2,2026-06-27 00:00:00+00,0,1,complete,5.50,3.30,1.67,,2026-04-14 18:08:42.801797+00,false,,66,Guadalajara,true,,FINISHED,5.8,3.6,1.62,1,2
5688eceb-e867-4cbb-a673-0677aacc75f2,c22e6746-73c1-4060-9194-eb35359c955e,ee8ecff9-d0b1-4aa8-ab21-da08a6c9229a,1270b02b-ff92-4068-a52e-ae90bcae805b,2026-06-21 22:00:00+00,2,2,complete,1.44,3.90,7.00,,2026-04-14 18:08:42.801797+00,false,,37,Miami,true,,FINISHED,1.44,3.9,7,3,0
585588af-146a-483b-88c3-795bd93acb0a,5b9456a0-db45-445f-87a0-58737bb89313,66a8014f-0009-400e-928c-6b28cb8dab1f,910a4a31-591d-4c32-8b57-b0d0bbde5a26,2026-06-25 23:00:00+00,1,1,complete,1.85,3.60,3.80,,2026-04-14 18:08:42.801797+00,false,,57,Dallas,true,,FINISHED,1.85,3.6,3.8,2,2
5a849898-4855-4db0-926b-08d9605fd81a,6aa7c75c-0fc8-46f0-8219-84f969510a0e,1b2fe4cc-3105-4e0b-b1ff-06f91c466ef7,95b1e39e-97c3-4d45-9714-3f507d7c52f1,2026-07-15 19:00:00+00,1,2,complete,2.62,2.88,2.90,,2026-04-19 19:45:29.973987+00,false,,102,Atlanta,true,,FINISHED,2.62,2.88,2.9,,
5f2999a7-5535-4fe4-b0ba-a058b61fd138,5b9456a0-db45-445f-87a0-58737bb89313,666ba168-4d8b-4060-8e4b-e1dd7b2a7503,54ef8b7c-5afd-4a48-a3b9-d6701dd757f9,2026-06-25 20:00:00+00,0,2,complete,19.00,7.50,1.15,,2026-04-14 18:08:42.801797+00,false,,55,Philadelphia,true,,FINISHED,21,7.5,1.14,0,3
5ff3fb62-02c7-4666-80f9-540118fecb20,27ce4fc5-3de9-4cf0-bfc5-5fa0addb7081,acfbd82a-7005-41b9-9613-606ceefc857e,e171e736-56f2-44fa-92b5-b0653ea2ce2a,2026-07-07 20:00:00+00,0,0,complete,3.25,3.00,2.30,,2026-04-19 19:45:29.973987+00,false,acfbd82a-7005-41b9-9613-606ceefc857e,96,Vancouver,true,,FINISHED_PENS_HOME,3.3,2.9,2.3,,
6154fec4-83b3-4b8c-b92f-b8a31399f6c9,32854b42-0d3a-4e2e-9555-00cd1e6c83c6,61d8b501-96d1-4043-a2b7-de27e9b137d7,8d109cbf-133f-496a-b5b7-3f75a0ec1dcd,2026-06-17 23:00:00+00,1,0,complete,2.30,3.10,3.00,,2026-04-14 18:08:42.801797+00,false,,21,Toronto,true,,FINISHED,2.25,3.2,3.1,0,0
6182cc0b-a324-4530-81e4-ba352565140b,27ce4fc5-3de9-4cf0-bfc5-5fa0addb7081,e176dd2c-4446-4811-b4cc-fc28e9c2ab25,1b2fe4cc-3105-4e0b-b1ff-06f91c466ef7,2026-07-06 00:00:00+00,2,3,complete,3.00,3.00,2.40,,2026-04-19 19:45:22.650156+00,false,,92,Mexico City,true,,FINISHED,3,3,2.4,,
61a1b8a8-c713-460a-989e-9a4494ed4758,5b9456a0-db45-445f-87a0-58737bb89313,b6afbe52-5067-4263-a750-6101f6efedc0,52eaa3b4-081b-4393-b291-d69c644c612e,2026-06-28 02:00:00+00,3,3,complete,3.50,2.25,2.62,,2026-04-14 18:08:42.801797+00,false,,69,Kansas City,true,,FINISHED,3.5,2.25,2.62,0,1
623afe5d-5dc9-413f-8931-6f08795bf386,5b9456a0-db45-445f-87a0-58737bb89313,ddd77a2f-eb9f-4a20-8ae4-e1ca55c21893,f959649f-d7be-48e3-9129-58e7fc519606,2026-06-27 03:00:00+00,1,1,complete,2.40,2.70,3.30,,2026-04-14 18:08:42.801797+00,false,,63,Seattle,true,,FINISHED,2.45,2.7,3.3,2,1
6398048c-047b-4f02-81dc-7b7449e3bc5e,32854b42-0d3a-4e2e-9555-00cd1e6c83c6,95b1e39e-97c3-4d45-9714-3f507d7c52f1,b6afbe52-5067-4263-a750-6101f6efedc0,2026-06-17 01:00:00+00,3,0,complete,1.40,4.20,7.50,,2026-04-14 18:08:42.801797+00,false,,19,Kansas City,true,,FINISHED,1.4,4.2,8,,
63b7d74c-799e-46b5-a7ca-282dfb8fcecb,5f39c536-340b-4981-b59a-4a9d7aff9e1e,1b2fe4cc-3105-4e0b-b1ff-06f91c466ef7,a681c714-630a-487f-b167-9cefea486591,2026-07-01 16:00:00+00,2,1,complete,1.25,5.00,12.00,,2026-04-19 19:45:22.650156+00,false,,80,Atlanta,true,,FINISHED,1.29,5,11,,
64167916-7a8e-4126-bdc2-445e6dfd9cd8,32854b42-0d3a-4e2e-9555-00cd1e6c83c6,52eaa3b4-081b-4393-b291-d69c644c612e,aa0baf4e-af82-4020-9093-715971d63105,2026-06-17 04:00:00+00,3,1,complete,1.33,4.80,8.50,,2026-04-14 18:08:42.801797+00,false,,20,San Francisco,true,,FINISHED,1.36,4.8,7.5,3,1
67423ac2-4ae3-42ec-b786-c3b824a15d4e,5b9456a0-db45-445f-87a0-58737bb89313,87881cf2-7a14-4afa-9912-0ef5b2672387,6527ec07-bc6b-4b53-8bff-90b6f622aece,2026-06-26 02:00:00+00,3,2,complete,3.60,3.90,1.83,,2026-04-14 18:08:42.801797+00,false,,59,Los Angeles,true,,FINISHED,3.6,3.9,1.83,1,2
674d531c-ea1e-4fb8-b533-cb72f31d2a07,5f39c536-340b-4981-b59a-4a9d7aff9e1e,e171e736-56f2-44fa-92b5-b0653ea2ce2a,61d8b501-96d1-4043-a2b7-de27e9b137d7,2026-07-04 01:30:00+00,1,0,complete,1.40,4.00,7.50,,2026-04-19 19:45:29.973987+00,false,,87,Kansas City,true,,FINISHED,1.4,4,8.5,,
6938c7c1-9273-4bf2-a558-80824e54a458,5f39c536-340b-4981-b59a-4a9d7aff9e1e,cba2c884-3603-4b90-976e-49389b04f562,66a8014f-0009-400e-928c-6b28cb8dab1f,2026-06-29 17:00:00+00,2,1,complete,1.73,3.50,4.80,,2026-04-19 19:45:29.973987+00,false,,76,Houston,true,,FINISHED,1.7,3.6,5,,
6f06c3af-317c-463e-a28b-d6fb9dd411ec,c22e6746-73c1-4060-9194-eb35359c955e,87881cf2-7a14-4afa-9912-0ef5b2672387,c8e5c035-af92-4497-b96c-82f2c0a15214,2026-06-20 03:00:00+00,0,1,complete,2.00,3.25,3.60,,2026-04-14 18:08:42.801797+00,false,,31,San Francisco,true,,FINISHED,2,3.2,3.8,2,2
71d5d345-eb38-4189-a48d-bbfdc2fd74da,32854b42-0d3a-4e2e-9555-00cd1e6c83c6,cba2c884-3603-4b90-976e-49389b04f562,fcc03c57-8857-4986-98b0-0e30fb42ab2a,2026-06-13 22:00:00+00,1,1,complete,1.60,3.90,5.00,,2026-04-14 18:08:42.801797+00,false,,7,New York,true,,FINISHED,,,,,
720da904-3561-4abe-948d-4165be6de275,32854b42-0d3a-4e2e-9555-00cd1e6c83c6,f2c7a0c3-9a4c-4e3f-92a3-39abff0ce8e2,151a98cf-99e8-4e7a-ab57-396a13db4a72,2026-06-16 19:00:00+00,3,1,complete,1.44,4.20,6.00,,2026-04-14 18:08:42.801797+00,false,,17,New York,true,,FINISHED,1.44,4.2,6.5,,
75b95055-eae5-422d-95d9-f53306255944,5b9456a0-db45-445f-87a0-58737bb89313,1270b02b-ff92-4068-a52e-ae90bcae805b,622bb3ef-bc6e-4c9a-9efe-aae4d0f95822,2026-06-27 00:00:00+00,0,0,complete,2.62,3.10,2.62,,2026-04-14 18:08:42.801797+00,false,,65,Houston,true,,FINISHED,2.62,3.1,2.62,1,2
799ad195-8136-4549-b477-95fe02eaef8e,32854b42-0d3a-4e2e-9555-00cd1e6c83c6,ef919163-49fb-4cc5-ab4e-f55d9419d806,e171e736-56f2-44fa-92b5-b0653ea2ce2a,2026-06-18 02:00:00+00,1,3,complete,8.50,4.40,1.36,,2026-04-14 18:08:42.801797+00,false,,24,Mexico City,true,,FINISHED,9,4.5,1.36,1,3
7a30db92-79a3-4444-92aa-08ab3f769fba,32854b42-0d3a-4e2e-9555-00cd1e6c83c6,f959649f-d7be-48e3-9129-58e7fc519606,a760ffb3-5775-4d7d-b803-cf0087525d91,2026-06-16 01:00:00+00,2,2,complete,1.73,3.50,4.75,,2026-04-14 18:08:42.801797+00,false,,15,Los Angeles,true,,FINISHED,1.75,3.5,4.6,,
7a401e03-6574-47d7-b91c-a7de7c3ed1dd,aa9754bd-50eb-4785-8698-e56c6d3cb661,6ea9375b-d599-463f-96e6-c87d9209e9b2,8682004e-e186-4705-aa29-9704b2815dc4,2026-07-10 19:00:00+00,2,1,complete,1.62,3.80,5.00,,2026-04-19 19:45:22.650156+00,false,,98,Los Angeles,true,,FINISHED,1.6,3.8,5.5,,
7b1532a6-5ab7-4341-96ab-1788fc4f97e1,5f39c536-340b-4981-b59a-4a9d7aff9e1e,6ea9375b-d599-463f-96e6-c87d9209e9b2,52eaa3b4-081b-4393-b291-d69c644c612e,2026-07-02 19:00:00+00,3,0,complete,1.33,4.80,9.00,,2026-04-19 19:45:22.650156+00,false,,84,Los Angeles,true,,FINISHED,1.33,4.8,9,,
7bb5f910-03ca-4de7-abb9-96cb4ec53f63,5b9456a0-db45-445f-87a0-58737bb89313,20e98c7a-4548-44f8-964d-7aba42ae7624,f2c7a0c3-9a4c-4e3f-92a3-39abff0ce8e2,2026-06-26 19:00:00+00,1,4,complete,4.60,4.33,1.62,,2026-04-14 18:08:42.801797+00,false,,61,Boston,true,,FINISHED,4.5,4.33,1.62,0,1
7c21e0db-01cc-4536-bfe0-c6c4997e76ad,32854b42-0d3a-4e2e-9555-00cd1e6c83c6,54ef8b7c-5afd-4a48-a3b9-d6701dd757f9,cd984ce3-2f2c-41d5-a7ba-137060caf8ae,2026-06-14 23:00:00+00,1,0,complete,3.10,2.90,2.40,,2026-04-14 18:08:42.801797+00,false,,9,Philadelphia,true,,FINISHED,,,,,
7d4539bf-823e-4e2f-bf44-76939f82f166,c22e6746-73c1-4060-9194-eb35359c955e,8d109cbf-133f-496a-b5b7-3f75a0ec1dcd,8cccecd8-b1ab-4159-bf35-29ef0db369c4,2026-06-23 23:00:00+00,0,1,complete,6.50,4.00,1.44,,2026-04-14 18:08:42.801797+00,false,,46,Toronto,true,,FINISHED,6.5,3.8,1.5,0,1
7ea5f707-1221-4f5e-afd4-b87a6704c790,5f39c536-340b-4981-b59a-4a9d7aff9e1e,9507020f-6157-4043-ae5b-72ca12dea41e,4f0f3776-f99f-4c06-9eb4-0acd2825d8c2,2026-06-28 19:00:00+00,0,1,complete,5.50,3.50,1.67,,2026-04-19 19:45:29.973987+00,false,,73,Los Angeles,true,,FINISHED,5.5,3.5,1.62,,
7f870462-0943-4624-8daa-38ddf5354a2f,5b9456a0-db45-445f-87a0-58737bb89313,e171e736-56f2-44fa-92b5-b0653ea2ce2a,eaca3063-d90c-4007-b3d8-ba829b3ee14e,2026-06-27 23:30:00+00,0,0,complete,3.40,3.60,1.95,,2026-04-14 18:08:42.801797+00,false,,71,Miami,true,,FINISHED,3.9,3.6,1.85,1,3
84b62dcf-7110-46f4-ac2c-d4d5ccfbce8b,c22e6746-73c1-4060-9194-eb35359c955e,d6209663-7a5c-4736-b346-cde299b554b2,9507020f-6157-4043-ae5b-72ca12dea41e,2026-06-18 16:00:00+00,1,1,complete,1.80,3.40,4.40,,2026-04-14 18:08:42.801797+00,false,,25,Atlanta,true,,FINISHED,1.75,3.5,4.33,3,1
89faf49a-c4d3-43da-9c28-461f46e56075,5b9456a0-db45-445f-87a0-58737bb89313,c8e5c035-af92-4497-b96c-82f2c0a15214,f99d6725-238c-4d95-8502-9d25b4a6e89e,2026-06-26 02:00:00+00,0,0,complete,2.70,2.25,3.60,,2026-04-14 18:08:42.801797+00,false,,60,San Francisco,true,,FINISHED,2.7,2.25,3.6,1,1
8b43c919-110a-4ae6-9fc8-81acfa9ba2c4,32854b42-0d3a-4e2e-9555-00cd1e6c83c6,e176dd2c-4446-4811-b4cc-fc28e9c2ab25,9507020f-6157-4043-ae5b-72ca12dea41e,2026-06-11 19:00:00+00,2,0,complete,1.40,4.20,8.00,,2026-04-14 18:08:42.801797+00,false,,1,Mexico City,true,,FINISHED,,,,,
8b694d3b-c857-43c4-a291-9d03ed28a289,5b9456a0-db45-445f-87a0-58737bb89313,cd984ce3-2f2c-41d5-a7ba-137060caf8ae,cffa413c-8c76-45a6-843e-87c34e78e45a,2026-06-25 20:00:00+00,2,1,complete,3.70,3.80,1.85,,2026-04-14 18:08:42.801797+00,false,,56,New York,true,,FINISHED,3.5,3.8,1.85,1,2
8c96ab78-96b6-44ea-bae7-7ceaff6233aa,5f39c536-340b-4981-b59a-4a9d7aff9e1e,f2c7a0c3-9a4c-4e3f-92a3-39abff0ce8e2,910a4a31-591d-4c32-8b57-b0d0bbde5a26,2026-06-30 21:00:00+00,3,0,complete,1.29,5.50,9.50,,2026-04-19 19:45:22.650156+00,false,,77,New York,true,,FINISHED,1.25,5.8,9,,
8dc0c811-0f83-4784-95c6-94cd1691217e,27ce4fc5-3de9-4cf0-bfc5-5fa0addb7081,cba2c884-3603-4b90-976e-49389b04f562,20e98c7a-4548-44f8-964d-7aba42ae7624,2026-07-05 20:00:00+00,1,2,complete,1.80,3.80,4.00,,2026-04-19 19:45:29.973987+00,false,,91,New York,true,,FINISHED,1.85,3.5,4,,
91c61b35-1644-4bca-971a-d9f570efb786,5f39c536-340b-4981-b59a-4a9d7aff9e1e,8682004e-e186-4705-aa29-9704b2815dc4,151a98cf-99e8-4e7a-ab57-396a13db4a72,2026-07-01 20:00:00+00,3,2,complete,2.10,3.40,3.30,,2026-04-19 19:45:29.973987+00,false,,82,Seattle,true,,FINISHED,2.15,3.1,3.3,,
93786882-4ea3-4057-adcd-89e8fe90ba67,5f39c536-340b-4981-b59a-4a9d7aff9e1e,eaca3063-d90c-4007-b3d8-ba829b3ee14e,8cccecd8-b1ab-4159-bf35-29ef0db369c4,2026-07-02 23:00:00+00,2,1,complete,1.65,3.80,4.80,,2026-04-19 19:45:22.650156+00,false,,83,Toronto,true,,FINISHED,1.75,3.4,4.8,,
95e9203a-5dfe-44fe-9946-8e2d0dc2e1a9,c22e6746-73c1-4060-9194-eb35359c955e,e176dd2c-4446-4811-b4cc-fc28e9c2ab25,20160ec3-c507-4fb3-b19d-89cb66c59a98,2026-06-19 01:00:00+00,1,0,complete,2.05,3.10,3.75,,2026-04-14 18:08:42.801797+00,false,,28,Guadalajara,true,,FINISHED,1.95,3.1,3.9,2,1
96886524-a0dc-4126-9d42-ff0050f7fefc,32854b42-0d3a-4e2e-9555-00cd1e6c83c6,8682004e-e186-4705-aa29-9704b2815dc4,ddd77a2f-eb9f-4a20-8ae4-e1ca55c21893,2026-06-15 19:00:00+00,1,1,complete,1.62,3.75,5.00,,2026-04-14 18:08:42.801797+00,false,,16,Seattle,true,,FINISHED,,,,,
96e26051-ad61-49e1-ac36-e36198699a57,5b9456a0-db45-445f-87a0-58737bb89313,aa0baf4e-af82-4020-9093-715971d63105,95b1e39e-97c3-4d45-9714-3f507d7c52f1,2026-06-28 02:00:00+00,1,3,complete,15.00,8.00,1.15,,2026-04-14 18:08:42.801797+00,false,,70,Dallas,true,,FINISHED,13,7,1.17,0,3
97d24d3d-e7f7-4611-b7b3-0609fec069b3,5b9456a0-db45-445f-87a0-58737bb89313,4976e7fd-9b45-4cc7-b741-fe801fcee2d0,600575e1-d737-452a-abec-c6e22da92787,2026-06-24 19:00:00+00,3,1,complete,1.33,5.00,8.00,,2026-04-14 18:08:42.801797+00,false,,52,Seattle,true,,FINISHED,1.4,4.8,6.5,1,0
a0e08c51-817d-46fe-8016-5f5a0215b470,27ce4fc5-3de9-4cf0-bfc5-5fa0addb7081,95b1e39e-97c3-4d45-9714-3f507d7c52f1,ddd77a2f-eb9f-4a20-8ae4-e1ca55c21893,2026-07-07 16:00:00+00,3,2,complete,1.36,4.40,8.00,,2026-04-19 19:45:29.973987+00,false,,95,Atlanta,true,,IN_PLAY,1.4,4.33,8,,
a3f494e7-f129-4d66-87f5-438a915a4bdb,c22e6746-73c1-4060-9194-eb35359c955e,e171e736-56f2-44fa-92b5-b0653ea2ce2a,a681c714-630a-487f-b167-9cefea486591,2026-06-24 02:00:00+00,1,0,complete,1.53,3.80,6.50,,2026-04-14 18:08:42.801797+00,false,,48,Guadalajara,true,,FINISHED,1.5,3.9,6.5,1,0
a7c2c157-2a27-4c63-a608-a258de256673,32854b42-0d3a-4e2e-9555-00cd1e6c83c6,20160ec3-c507-4fb3-b19d-89cb66c59a98,d6209663-7a5c-4736-b346-cde299b554b2,2026-06-12 02:00:00+00,2,1,complete,2.62,2.90,2.80,,2026-04-14 18:08:42.801797+00,false,,2,Guadalajara,true,,FINISHED,,,,,
b58779a0-33b8-44da-905b-67c3b4f81254,32854b42-0d3a-4e2e-9555-00cd1e6c83c6,6ea9375b-d599-463f-96e6-c87d9209e9b2,1270b02b-ff92-4068-a52e-ae90bcae805b,2026-06-15 16:00:00+00,0,0,complete,1.10,10.00,23.00,,2026-04-14 18:08:42.801797+00,false,,14,Atlanta,true,,FINISHED,,,,,
b74d9072-2d8e-4988-ad96-c3680624ee52,c22e6746-73c1-4060-9194-eb35359c955e,6527ec07-bc6b-4b53-8bff-90b6f622aece,f99d6725-238c-4d95-8502-9d25b4a6e89e,2026-06-19 19:00:00+00,2,0,complete,1.60,4.00,5.00,,2026-04-14 18:08:42.801797+00,false,,32,Seattle,true,,FINISHED,1.57,4,5,1,1
baf4d1d7-c901-44dd-b105-d8848a8aa6f6,5b9456a0-db45-445f-87a0-58737bb89313,a1cbc3f2-826a-4c04-803b-b5c2930d3c42,2044181c-c7e7-4759-8101-4779166812e3,2026-06-25 23:00:00+00,1,3,complete,26.00,9.50,1.10,,2026-04-14 18:08:42.801797+00,false,,58,Kansas City,true,,FINISHED,21,8,1.12,0,1
bd96de28-090a-4f99-8d20-7fb5e86a7380,c22e6746-73c1-4060-9194-eb35359c955e,eaca3063-d90c-4007-b3d8-ba829b3ee14e,ef919163-49fb-4cc5-ab4e-f55d9419d806,2026-06-23 17:00:00+00,5,0,complete,1.15,7.50,15.00,,2026-04-14 18:08:42.801797+00,false,,47,Houston,true,,FINISHED,1.18,6.5,15,2,0
c168f9b4-b365-4b6c-9b68-3f20f8650bf5,b9bd6954-7f07-432a-af76-2dc2d3e9ab1f,6ea9375b-d599-463f-96e6-c87d9209e9b2,95b1e39e-97c3-4d45-9714-3f507d7c52f1,2026-07-19 19:00:00+00,1,0,complete,,,,,2026-04-19 19:45:22.650156+00,false,,104,New York,true,,FINISHED,,,,,
c482116e-ce9c-40bc-b95e-616917977de0,27ce4fc5-3de9-4cf0-bfc5-5fa0addb7081,4f0f3776-f99f-4c06-9eb4-0acd2825d8c2,fcc03c57-8857-4986-98b0-0e30fb42ab2a,2026-07-04 17:00:00+00,0,3,complete,4.60,3.25,1.83,,2026-04-19 19:45:22.650156+00,false,,90,Houston,true,,FINISHED,4.2,3.25,1.91,,
cb976605-f36a-4d43-9d53-0aa131e8421a,32854b42-0d3a-4e2e-9555-00cd1e6c83c6,2044181c-c7e7-4759-8101-4779166812e3,66a8014f-0009-400e-928c-6b28cb8dab1f,2026-06-14 20:00:00+00,2,2,complete,2.05,3.30,3.40,,2026-04-14 18:08:42.801797+00,false,,11,Dallas,true,,FINISHED,,,,,
ce869e56-f2dc-40e2-aae8-45faa5b174d9,32854b42-0d3a-4e2e-9555-00cd1e6c83c6,1b2fe4cc-3105-4e0b-b1ff-06f91c466ef7,8cccecd8-b1ab-4159-bf35-29ef0db369c4,2026-06-17 20:00:00+00,4,2,complete,1.70,3.60,4.75,,2026-04-14 18:08:42.801797+00,false,,22,Dallas,true,,FINISHED,1.7,3.6,4.75,4,2
d094ec78-e479-4f3b-b030-b45e918c43ba,c22e6746-73c1-4060-9194-eb35359c955e,aa0baf4e-af82-4020-9093-715971d63105,b6afbe52-5067-4263-a750-6101f6efedc0,2026-06-23 03:00:00+00,1,2,complete,6.00,4.00,1.50,,2026-04-14 18:08:42.801797+00,false,,44,San Francisco,true,,FINISHED,5.5,3.8,1.57,1,2
d6028dab-94a8-4e2f-bf47-0370f6fdcd3b,5b9456a0-db45-445f-87a0-58737bb89313,9507020f-6157-4043-ae5b-72ca12dea41e,20160ec3-c507-4fb3-b19d-89cb66c59a98,2026-06-25 01:00:00+00,1,0,complete,5.50,3.80,1.57,,2026-04-14 18:08:42.801797+00,false,,54,Monterrey,true,,FINISHED,5,3.6,1.67,2,3
d7faf3e3-d358-4158-bbbc-73fde86ea30f,32854b42-0d3a-4e2e-9555-00cd1e6c83c6,622bb3ef-bc6e-4c9a-9efe-aae4d0f95822,ee8ecff9-d0b1-4aa8-ab21-da08a6c9229a,2026-06-15 22:00:00+00,1,1,complete,7.50,4.00,1.44,,2026-04-14 18:08:42.801797+00,false,,13,Miami,true,,FINISHED,7.5,4,1.44,,
dbda9c0d-398c-4b92-ad6e-d55e3be3e4e7,5b9456a0-db45-445f-87a0-58737bb89313,acfbd82a-7005-41b9-9613-606ceefc857e,4f0f3776-f99f-4c06-9eb4-0acd2825d8c2,2026-06-24 19:00:00+00,2,1,complete,2.45,3.00,2.90,,2026-04-14 18:08:42.801797+00,false,,51,Vancouver,true,,FINISHED,2.3,3.1,3,2,0
e2495259-08ed-45c8-8e9c-25cbcc0d349f,5b9456a0-db45-445f-87a0-58737bb89313,8d109cbf-133f-496a-b5b7-3f75a0ec1dcd,1b2fe4cc-3105-4e0b-b1ff-06f91c466ef7,2026-06-27 21:00:00+00,0,2,complete,13.00,7.50,1.17,,2026-04-14 18:08:42.801797+00,false,,67,New York,true,,FINISHED,13,7.5,1.17,1,4
e4852745-20b6-45b2-aac0-af40c416c1ee,32854b42-0d3a-4e2e-9555-00cd1e6c83c6,eaca3063-d90c-4007-b3d8-ba829b3ee14e,a681c714-630a-487f-b167-9cefea486591,2026-06-17 17:00:00+00,1,1,complete,1.29,5.00,11.00,,2026-04-14 18:08:42.801797+00,false,,23,Houston,true,,FINISHED,1.3,4.8,10,1,1
e51ad0e0-f1b7-449e-ad47-4e4c2559ff76,5b9456a0-db45-445f-87a0-58737bb89313,a760ffb3-5775-4d7d-b803-cf0087525d91,8682004e-e186-4705-aa29-9704b2815dc4,2026-06-27 03:00:00+00,1,5,complete,12.00,7.00,1.20,,2026-04-14 18:08:42.801797+00,false,,64,Vancouver,true,,FINISHED,13,7,1.18,1,3
e71dd1df-caa8-4b10-8ffb-220c4e918698,c22e6746-73c1-4060-9194-eb35359c955e,8682004e-e186-4705-aa29-9704b2815dc4,f959649f-d7be-48e3-9129-58e7fc519606,2026-06-21 19:00:00+00,0,0,complete,1.44,4.33,7.00,,2026-04-14 18:08:42.801797+00,false,,39,Los Angeles,true,,FINISHED,1.4,4.4,7,2,1
eef657ff-2854-4e48-8de2-114e508fe17f,c22e6746-73c1-4060-9194-eb35359c955e,cffa413c-8c76-45a6-843e-87c34e78e45a,54ef8b7c-5afd-4a48-a3b9-d6701dd757f9,2026-06-20 20:00:00+00,2,1,complete,1.53,4.20,5.00,,2026-04-14 18:08:42.801797+00,false,,33,Toronto,true,,FINISHED,1.53,4.2,5,1,0
ef04c4e1-d29a-4f4d-8a83-4aae430183d3,32854b42-0d3a-4e2e-9555-00cd1e6c83c6,cffa413c-8c76-45a6-843e-87c34e78e45a,666ba168-4d8b-4060-8e4b-e1dd7b2a7503,2026-06-14 17:00:00+00,7,1,complete,1.05,17.00,36.00,,2026-04-14 18:08:42.801797+00,false,,10,Houston,true,,FINISHED,,,,,
f1597d1c-d2cb-4027-86e1-0ba93a331041,5b9456a0-db45-445f-87a0-58737bb89313,a681c714-630a-487f-b167-9cefea486591,ef919163-49fb-4cc5-ab4e-f55d9419d806,2026-06-27 23:30:00+00,3,1,complete,1.67,3.90,4.60,,2026-04-14 18:08:42.801797+00,false,,72,Atlanta,true,,FINISHED,1.75,3.8,4,2,1
ff4b8afa-c644-4ef8-9a42-56784b08adcd,c22e6746-73c1-4060-9194-eb35359c955e,a1cbc3f2-826a-4c04-803b-b5c2930d3c42,66a8014f-0009-400e-928c-6b28cb8dab1f,2026-06-21 04:00:00+00,0,4,complete,6.00,3.80,1.53,,2026-04-14 18:08:42.801797+00,false,,36,Monterrey,true,,FINISHED,6,3.8,1.53,0,1
ff8ff08a-b110-4120-a1c9-8ffe191fc2ba,c22e6746-73c1-4060-9194-eb35359c955e,cba2c884-3603-4b90-976e-49389b04f562,7f560d60-00fc-46e1-b81b-4e7234b7cb04,2026-06-20 00:30:00+00,3,0,complete,1.10,10.00,23.00,,2026-04-14 18:08:42.801797+00,false,,29,Philadelphia,true,,FINISHED,1.1,10,21,2,0