id,pick_id,match_id,base_points,longshot_bonus,multiplier_applied,points_earned,match_result,created_at
005e3ce7-5731-4690-a3cb-ef563320a797,a3f9c63e-85db-445b-b1fb-8a8127a549f5,97d24d3d-e7f7-4611-b7b3-0609fec069b3,2,1,2,2,win,2026-06-24 21:25:07.162105+00
02cbd6ac-86bc-4086-82f3-ad4377d5efb2,326b80fe-af3a-4047-89ff-de1364d09cc4,5f2999a7-5535-4fe4-b0ba-a058b61fd138,2,0,2,2,win,2026-06-25 21:58:11.451425+00
067816e1-1af2-4639-a7b9-f9afb03837b1,d97b978b-254a-4a3e-82ac-06c3c6f91722,5f2999a7-5535-4fe4-b0ba-a058b61fd138,2,0,2,2,win,2026-06-25 21:58:11.451425+00
06d87547-5592-454a-af80-92fad7b3437e,9f7299c3-e804-4f92-b0ac-172375b575bd,89faf49a-c4d3-43da-9c28-461f46e56075,1,0,3,1,draw,2026-06-26 05:44:05.175976+00
0701d2fa-6eb8-420f-9fcc-07ae41d4403b,6f773ba7-cbac-42ac-a96f-cf5a47ff0611,371dfc3a-483b-4b55-9462-6a8b23f9cb6e,3,0,3,3,win,2026-06-22 03:40:13.446856+00
0730fcc5-e9e5-4d33-a812-eae5c6916deb,819eefc5-3492-44aa-85d7-1e2c7a20f656,799ad195-8136-4549-b477-95fe02eaef8e,3,0,3,3,win,2026-06-18 05:40:17.949665+00
08e27717-de98-4b7a-8504-209c30240aa4,91cec3ab-120d-4ea0-9a53-082214e3814c,97d24d3d-e7f7-4611-b7b3-0609fec069b3,3,1,3,3,win,2026-06-24 21:25:07.162105+00
0992770c-e689-4b6c-a53f-c7d1b470d7a8,d2beeaf2-af92-4136-b828-796fcd69acb0,24a55af4-cc2c-4c75-a9c3-f0ba07f8965e,3,0,3,3,win,2026-06-25 05:50:36.628916+00
09948452-8242-426e-8d33-6b3ceb0ca004,45661692-2f33-4243-ae8e-029025fffefc,799ad195-8136-4549-b477-95fe02eaef8e,2,0,2,2,win,2026-06-18 05:40:17.949665+00
0a5cc880-d142-40da-94a5-a257ed3317d8,6f6af635-58ee-47f3-872e-d1d6479942fa,bd96de28-090a-4f99-8d20-7fb5e86a7380,3,0,3,3,win,2026-06-23 18:58:16.142084+00
0d1480c0-18e7-4659-91e4-a1b060739148,3617d909-af94-4722-857f-9250fa7e1573,2b8d5341-a73c-40fb-a9e4-975e879b65d3,1,0,2,1,draw,2026-06-12 21:05:22.303512+00
0e88a134-935b-4113-abd6-23d2185f0e64,f8034bc4-2d20-47f7-81a6-e92683fce7f8,15148b9f-4d4c-40b4-8905-e533ff0ca8d4,2,0,2,2,win,2026-06-15 05:47:03.79509+00
0ea590fa-51ed-4406-a82a-6a80ad834cc7,aa47e00f-2e87-4503-93f8-c3df70c26fa8,0bcfd687-dbd6-4369-bb0f-8fd682346491,2,0,2,2,win,2026-07-02 05:40:54.454317+00
0ee4eb63-ecb9-4846-b076-c02c0dedee0d,70b072ea-876e-4856-80f7-be94e89104a7,d094ec78-e479-4f3b-b030-b45e918c43ba,2,0,2,2,win,2026-06-23 05:47:32.630108+00
0f023b11-e2af-433d-8542-432bd133ebb1,13e39c16-7714-4062-ba07-f52043c35c66,4ec3afba-9a7c-4409-87d0-7d3f64316c22,0,0,2,0,loss,2026-07-14 21:00:04.198853+00
0f53aca2-a262-4061-b2bb-d17c0b130c92,ecb7e696-3b92-4d09-8b5f-1eead1d33994,7a401e03-6574-47d7-b91c-a7de7c3ed1dd,2,0,2,2,win,2026-07-10 20:59:48.403655+00
10649a64-0c13-45ce-8924-d2e8de68dcb0,2edf3ae8-fee1-4404-981d-44e62e53dba4,84b62dcf-7110-46f4-ac2c-d4d5ccfbce8b,1,0,2,1,draw,2026-06-18 19:13:13.632799+00
110b6283-461f-4697-bde3-e72066ed32fa,e6fbc360-6cd5-4e38-bb44-e09a352bbe98,84b62dcf-7110-46f4-ac2c-d4d5ccfbce8b,1,0,3,1,draw,2026-06-18 19:13:13.632799+00
113e483d-9ae2-4246-9e2d-8d8c15f79777,4edee4df-2901-47b3-aa1e-5b5b44734547,447d4217-d302-49c0-980c-cd1359ccb3c5,1,0,3,1,draw,2026-06-21 06:24:54.356673+00
121751ac-b0f3-48a3-9760-d681f0892721,06476d60-d7e3-4e4c-99f2-f554740acc3e,64167916-7a8e-4126-bdc2-445e6dfd9cd8,2,0,2,2,win,2026-06-17 06:14:22.426639+00
12f21135-05bb-469a-8e48-1e707a436a6d,48fa004d-e8e5-4ec2-8577-83d5b894ce7c,7c21e0db-01cc-4536-bfe0-c6c4997e76ad,2,0,2,2,win,2026-06-15 05:47:39.431222+00
15b679b0-14c2-40f5-9072-ad81663e6e97,a8396f71-0bef-4602-af64-a4c45d18bf56,5688eceb-e867-4cbb-a673-0677aacc75f2,1,0,3,1,draw,2026-06-22 03:40:02.230937+00
1608d5d9-45a2-4430-8d8b-1aae5b76416d,383e528c-694d-44c2-a9e0-68f39272a79e,447d4217-d302-49c0-980c-cd1359ccb3c5,1,0,3,1,draw,2026-06-21 06:24:54.356673+00
1862e0ed-00cc-4dce-b051-df0b7f88924c,0cee0956-6598-40ce-b920-77efc52500ba,64167916-7a8e-4126-bdc2-445e6dfd9cd8,3,0,3,3,win,2026-06-17 06:14:22.426639+00
1a213706-e9a8-4642-b5aa-70798f73ff84,7a87d60e-ed48-456c-b5db-d5c6c17573a9,1f013a7e-8052-415d-8090-99a4cfba5780,1,0,2,1,loss,2026-06-29 23:29:18.775185+00
1b653f0f-3f76-480d-9080-f973676e47d1,7d5ee64b-d2f8-4cbd-a675-46adc213eab1,1f013a7e-8052-415d-8090-99a4cfba5780,1,0,2,1,loss,2026-06-29 23:29:18.775185+00
1cd0880a-b96c-46de-a92e-e51be69b3458,766234a8-baa7-47c2-a44a-9414ba5208e1,64167916-7a8e-4126-bdc2-445e6dfd9cd8,2,0,2,2,win,2026-06-17 06:14:22.426639+00
1d4d7f2c-7915-4d26-b240-dec622ab686e,62f9f805-a897-41b6-948c-6d319f3de4b7,0bcfd687-dbd6-4369-bb0f-8fd682346491,2,0,2,2,win,2026-07-02 05:40:54.454317+00
1e0f13f6-efbc-49d9-826f-3305b8ce8f50,6a813b11-3c44-4740-82a7-79c1475309b3,ff4b8afa-c644-4ef8-9a42-56784b08adcd,2,0,2,2,win,2026-06-21 06:25:04.634312+00
1eb9abe3-fea0-4100-887b-753ccbfcb038,170f69e3-16b4-48a3-84fe-a0b3fd1a6f58,2737b00b-6825-43fa-900a-0a522772306f,3,0,3,3,win,2026-06-14 06:10:59.746555+00
203743d9-f1c8-4a48-a3c5-9ec86273af58,f5b14944-30e9-43de-a233-875d89bb555b,64167916-7a8e-4126-bdc2-445e6dfd9cd8,2,0,2,2,win,2026-06-17 06:14:22.426639+00
205c8136-805f-4ca3-9e17-66b9fecd656f,ace84946-ad1c-498e-bc50-841158b9916c,84b62dcf-7110-46f4-ac2c-d4d5ccfbce8b,1,0,2,1,draw,2026-06-18 19:13:13.632799+00
20d244ba-510b-43b0-9543-80992fbaaf46,043c8449-c751-4a8a-810f-72e2ecd29045,7ea5f707-1221-4f5e-afd4-b87a6704c790,2,0,2,2,win,2026-06-28 20:57:27.993667+00
215367c1-4ab0-497c-adab-68502ec29f9b,b8cea0d2-2503-4e46-80d9-009bc02fb93d,2737b00b-6825-43fa-900a-0a522772306f,3,0,3,3,win,2026-06-14 06:10:59.746555+00
21eb48a6-ea8d-47e4-bc78-57ea70983db8,dfa1c6af-f9ed-41be-95b2-acc51621e98a,2737b00b-6825-43fa-900a-0a522772306f,2,0,2,2,win,2026-06-14 06:10:59.746555+00
228e0262-8525-40c2-a125-940be8f2eb55,7a0f87f4-5d10-484f-9170-1d1cf6b672f8,84b62dcf-7110-46f4-ac2c-d4d5ccfbce8b,1,0,3,1,draw,2026-06-18 19:13:13.632799+00
22cc1fbe-2742-45be-9598-c6145dd0c526,83e2707e-1efc-4685-9dd7-4b5e5bfd019a,6154fec4-83b3-4b8c-b92f-b8a31399f6c9,2,1,2,2,win,2026-06-18 05:40:07.15981+00
230da699-1ee5-4640-8556-dec3470b1edc,08a0fda1-9f44-4a00-b6ad-ca913cc28d00,84b62dcf-7110-46f4-ac2c-d4d5ccfbce8b,1,0,2,1,draw,2026-06-18 19:13:13.632799+00
26c7c28d-9fa2-44aa-ba9c-0ee1370d57bc,5fa9c20d-e6a5-4365-80c1-c62a99f9e4b8,64167916-7a8e-4126-bdc2-445e6dfd9cd8,2,0,2,2,win,2026-06-17 06:14:22.426639+00
28acb81a-bbed-4471-b6bb-295ab352da16,8f7a757f-c61d-4b95-9c83-6ac793fcba98,5a849898-4855-4db0-926b-08d9605fd81a,0,0,2,0,loss,2026-07-15 21:05:06.3587+00
28f7b9b5-1773-46a2-aea4-a2000d04f877,3d890314-34b7-4be9-b579-93a38d997dd5,1f013a7e-8052-415d-8090-99a4cfba5780,1,0,2,1,loss,2026-06-29 23:29:18.775185+00
2be236dc-47e4-48e9-8a98-25c3b5d759b6,c0738043-cc63-4dce-857d-3d08b85cd8e2,4ec3afba-9a7c-4409-87d0-7d3f64316c22,0,0,2,0,loss,2026-07-14 21:00:04.198853+00
2c0703a2-3d4e-44de-8ec3-7042e2be20e6,a4a36be7-713f-4145-8b42-67abc12a05ee,84b62dcf-7110-46f4-ac2c-d4d5ccfbce8b,1,0,2,1,draw,2026-06-18 19:13:13.632799+00
2c4a2401-6b99-4b50-b38b-7a6731ee13e9,fb492b60-8db3-4912-b4e0-bdcac48489bb,ff4b8afa-c644-4ef8-9a42-56784b08adcd,3,0,3,3,win,2026-06-21 06:25:04.634312+00
2e735bce-f1c4-4a34-ac84-0bc0231aeda4,6466543e-f5a4-4af9-9669-62a8223418a0,d6028dab-94a8-4e2f-bf47-0370f6fdcd3b,0,0,2,0,loss,2026-06-25 05:51:02.252767+00
2f5e577b-abcb-4671-9a7e-d5b43f86c0ce,d931a92e-282e-4660-837b-98d4d6bd19d1,1f013a7e-8052-415d-8090-99a4cfba5780,1,0,2,1,loss,2026-06-29 23:29:18.775185+00
31cab300-68ec-486a-a325-49e20f1b762c,924ebbea-7b19-4167-b02a-2aea69e2df3b,7ea5f707-1221-4f5e-afd4-b87a6704c790,2,0,2,2,win,2026-06-28 20:57:27.993667+00
3242d279-ccfc-433e-be7e-7e66fe146913,0c2cf528-6c47-488e-ab9c-32b688529522,7a401e03-6574-47d7-b91c-a7de7c3ed1dd,2,0,2,2,win,2026-07-10 20:59:48.403655+00
32d66f55-a91d-4b14-b388-a1f2f7addadd,4b207b03-0f4b-4d0a-acc8-5c3659dd6c80,e51ad0e0-f1b7-449e-ad47-4e4c2559ff76,2,0,2,2,win,2026-06-27 05:34:06.218286+00
33958ee5-1a7a-4e04-9974-97dce0295ea9,3561b430-8d09-42c6-b1fc-65f0d5d451d8,1f013a7e-8052-415d-8090-99a4cfba5780,1,0,2,1,loss,2026-06-29 23:29:18.775185+00
35c36fb0-8a3d-4c04-b931-4354fb2bdbb4,bf4d041b-bc7d-4e4c-be54-37de9a0d1682,371dfc3a-483b-4b55-9462-6a8b23f9cb6e,2,0,2,2,win,2026-06-22 03:40:13.446856+00
35fb6f30-c8a5-4746-8564-9341e86e562e,81a4d73a-5c71-4afe-9bba-bdf444dd1adb,1f013a7e-8052-415d-8090-99a4cfba5780,1,0,2,1,loss,2026-06-29 23:29:18.775185+00
369ed390-61b8-42ae-b087-453d2d98cb7e,e299ca02-e0ff-42cf-990d-169579dd76eb,447d4217-d302-49c0-980c-cd1359ccb3c5,1,0,3,1,draw,2026-06-21 06:24:54.356673+00
38b97d5e-b39a-4622-b021-10f51e4d35ac,d470d41d-42cd-4c9e-84e9-b8b0e1487caa,84b62dcf-7110-46f4-ac2c-d4d5ccfbce8b,1,0,2,1,draw,2026-06-18 19:13:13.632799+00
3a568d05-9fb2-47cc-8397-36285e0cc9b1,b3ace729-a7b8-438e-9ce9-d143e85f4126,1f013a7e-8052-415d-8090-99a4cfba5780,1,0,2,1,loss,2026-06-29 23:29:18.775185+00
3a9bc4ab-fcb4-4aa5-b19e-bfb2f0087584,4283ab13-59c0-455b-b8b1-b6fd1f20546c,3ca50009-6690-4197-8fbb-29612575864d,2,0,2,2,win,2026-07-04 23:05:16.917455+00
3ae52005-cbcb-4555-8fa7-193d7e89eb4a,91e3367a-d890-4726-81ce-510e46788c6b,6154fec4-83b3-4b8c-b92f-b8a31399f6c9,2,1,2,2,win,2026-06-18 05:40:07.15981+00
3b673487-96d6-4921-9a8a-728da21e2ac0,009f5367-8575-4caa-a586-4a6ec0538072,0635f748-c59a-4104-b439-1c84c2e81460,2,0,2,2,win,2026-06-26 21:07:01.649577+00
3be86c26-08bc-4125-82db-96ad129c1630,9d5cfe84-a6d5-42d8-aa8c-434bee581085,15a9d048-eb7c-464c-8034-cb2e8508bc61,0,0,2,0,loss,2026-07-07 06:39:59.798561+00
3c0759e1-cfb5-4fd3-810b-0511553dafcd,1687a5d0-0a74-48c0-aee1-586c47daebc5,ff8ff08a-b110-4120-a1c9-8ffe191fc2ba,3,0,3,3,win,2026-06-20 06:37:46.581181+00
3d1077e3-7812-4487-96c7-e2114bcaf1cc,a8dfffed-d9ed-4b84-bec4-9ecabe2032ca,67423ac2-4ae3-42ec-b786-c3b824a15d4e,0,0,2,0,loss,2026-06-26 05:44:51.841022+00
409bda14-acad-45e3-a8b0-17bf28cfb429,7b233df2-ecef-4ebc-85f6-99c7d7a9132b,84b62dcf-7110-46f4-ac2c-d4d5ccfbce8b,1,0,2,1,draw,2026-06-18 19:13:13.632799+00
40fcc6b1-2543-46b4-aa58-f4b4b280762a,362af7f2-672b-4eaf-a959-da301f1a3d71,24a55af4-cc2c-4c75-a9c3-f0ba07f8965e,2,0,2,2,win,2026-06-25 05:50:36.628916+00
428552d8-3489-4bdf-93b5-96418846bd4a,b55cb969-cc67-48bd-9dad-97ac206ce182,d094ec78-e479-4f3b-b030-b45e918c43ba,3,0,3,3,win,2026-06-23 05:47:32.630108+00
42edd3c5-a47e-40f2-b08f-cbe56805122a,e540302c-fa3c-4ffc-bdc6-5217e6fdb103,1f013a7e-8052-415d-8090-99a4cfba5780,1,0,2,1,loss,2026-06-29 23:29:18.775185+00
43ca4abd-e9a5-4972-8301-78b29f7b3661,ddb16359-c8c7-4e78-9990-651c955d4bd0,447d4217-d302-49c0-980c-cd1359ccb3c5,1,0,2,1,draw,2026-06-21 06:24:54.356673+00
44d46ac1-6ea6-4c3e-a763-0f2d6d3d22fb,6463f221-12e4-4d8e-8863-ea3075440210,97d24d3d-e7f7-4611-b7b3-0609fec069b3,2,1,2,2,win,2026-06-24 21:25:07.162105+00
451699ac-a7c5-4654-8cb8-f0b15413c08c,a98034ff-0966-4d4a-8e7f-77cd28b28a02,24a55af4-cc2c-4c75-a9c3-f0ba07f8965e,3,0,3,3,win,2026-06-25 05:50:36.628916+00
45808696-5411-43da-ba63-bc231ad9b329,71e6fbd0-64dc-47af-95ec-6bf708c981cf,0635f748-c59a-4104-b439-1c84c2e81460,3,0,3,3,win,2026-06-26 21:07:01.649577+00
4600dd0e-25f9-442f-8acb-9d174f43954f,1a1b5c8d-1379-4cd2-91eb-5c61b6cc6510,472a5e3d-5ce9-46a8-9abf-fa5593699943,2,0,2,2,win,2026-06-17 05:30:13.792149+00
47142c0e-ae13-45c4-b3d7-774143b615e8,9783b537-9528-4b96-a68a-41c25af7e25f,24a55af4-cc2c-4c75-a9c3-f0ba07f8965e,3,0,3,3,win,2026-06-25 05:50:36.628916+00
48149760-35f7-48a2-bbd6-b8809a3a9f2b,43c2148a-2a78-4238-a2fc-8a7d61c6c37b,0aa39c05-82fc-4131-9670-9fe588932f2d,1,0,3,1,draw,2026-06-13 21:09:32.876848+00
4c93d4fd-00c5-4f25-924e-f6e803cf6361,84552afe-300c-431a-b1a9-375305560ee9,4a1a38c4-fe97-4d42-a2ff-8a0caa18ff17,2,0,2,2,win,2026-06-25 05:50:44.23606+00
4d346814-c496-41e6-9422-8ffcff33a26e,531be698-4a2d-49bc-8ded-dee8ff695a9b,75b95055-eae5-422d-95d9-f53306255944,1,0,2,1,draw,2026-06-27 05:33:54.400366+00
4e46ac8b-df99-488d-923c-6cb52b0be101,d581f8ff-e3f0-413b-9a4d-be337cebbcfa,623afe5d-5dc9-413f-8931-6f08795bf386,1,0,3,1,draw,2026-06-27 05:34:18.819158+00
51bfc0da-e31b-4073-96f1-ac3474a82976,404c1888-347e-4577-bb2a-83d12760fb9e,447d4217-d302-49c0-980c-cd1359ccb3c5,1,0,3,1,draw,2026-06-21 06:24:54.356673+00
5365e1ae-5104-4622-8826-6a33ceb828a7,3908aa5a-1bc5-4e82-b129-c1eb86410ce3,0635f748-c59a-4104-b439-1c84c2e81460,3,0,3,3,win,2026-06-26 21:07:01.649577+00
5687f126-d261-4e31-8575-7ebb7be524b4,d0930464-d664-4485-9542-0f6c71132fa6,d6028dab-94a8-4e2f-bf47-0370f6fdcd3b,0,0,3,0,loss,2026-06-25 05:51:02.252767+00
57331a3c-b5d0-4774-aca4-b1b0df18a4ed,6b87a1ac-1832-47d9-8c01-012c2f03a755,472a5e3d-5ce9-46a8-9abf-fa5593699943,3,0,3,3,win,2026-06-17 05:30:13.792149+00
578daaee-092c-41c2-808d-248391978875,8052d2fe-367b-4d0c-b140-69cfd16395a1,d7faf3e3-d358-4158-bbbc-73fde86ea30f,1,0,2,1,draw,2026-06-16 05:52:57.545566+00
57fae109-25f1-41ec-bd93-a7b22a92d298,398f4588-9da3-43f5-8438-a5140012ea71,e51ad0e0-f1b7-449e-ad47-4e4c2559ff76,3,0,3,3,win,2026-06-27 05:34:06.218286+00
58034898-27f8-4066-a299-9ce561a0a064,8afc3225-5929-4cad-87cb-e44760e19f55,0aa39c05-82fc-4131-9670-9fe588932f2d,1,0,3,1,draw,2026-06-13 21:09:32.876848+00
58202dca-e88b-4c2b-93e9-5c8ab7b1d3af,fbe87f42-8977-4670-a191-0034f1992729,d6028dab-94a8-4e2f-bf47-0370f6fdcd3b,0,0,2,0,loss,2026-06-25 05:51:02.252767+00
5a336876-084d-4596-9049-ea58214af713,498fb3fa-4beb-4176-828c-f1dbdaa57fb9,d7faf3e3-d358-4158-bbbc-73fde86ea30f,1,0,2,1,draw,2026-06-16 05:52:57.545566+00
5a44e356-f859-431e-b110-72997964e182,e6d54021-80e8-481a-b73e-ce5d61eeda09,4ec3afba-9a7c-4409-87d0-7d3f64316c22,2,0,2,2,win,2026-07-14 21:00:04.198853+00
5b2a83f4-fd3d-4df0-8771-cc391bc26030,3bf8b92e-e19f-4df9-aa93-668ad03a9c31,53d7793c-7e1b-4a8a-bd9e-8044f4ffc71b,2,0,2,2,win,2026-06-19 01:58:30.58785+00
5bc84e31-0e56-4ace-8203-bfc4a544140c,809a34d5-fc53-4b8e-a13d-de8c208fdb89,e71dd1df-caa8-4b10-8ffb-220c4e918698,1,0,2,1,draw,2026-06-21 21:01:41.129512+00
5c77df0b-f49c-4c70-b174-56af7783a722,82e9d82d-8f87-45e0-8658-28cf709a8490,2cc09d93-3fa3-44d0-9049-5b90ac167097,0,0,3,0,loss,2026-06-14 06:10:50.563584+00
5cf1e868-91d1-471a-bfa0-4b81eec4bb6b,eef13217-e927-46e3-a9d5-c68cfc149be1,8dc0c811-0f83-4784-95c6-94cd1691217e,0,0,2,0,loss,2026-07-06 00:01:20.442506+00
5de8acb0-efaa-4ee9-8b86-0a168b593714,8454e7db-2a11-45af-8b9a-e990da3be448,b58779a0-33b8-44da-905b-67c3b4f81254,1,0,2,1,draw,2026-06-15 18:16:26.566522+00
5dfbcbbb-d9fe-4181-84cb-a683e2bf4d77,5743d80d-4cc4-4b2c-9c73-14b0617a9e4d,ef04c4e1-d29a-4f4d-8a83-4aae430183d3,3,0,3,3,win,2026-06-14 19:02:15.732309+00
5eb6bbf2-f3a7-4335-9ed7-85569760dd42,70a31294-9c8d-4f8b-bbb8-d676082f7988,f1597d1c-d2cb-4027-86e1-0ba93a331041,3,1,3,3,win,2026-06-28 08:10:12.856203+00
60004add-98e3-4c56-af03-132317dd93bd,34901be0-8283-4da8-a135-c8242bd4e44a,8b43c919-110a-4ae6-9fc8-81acfa9ba2c4,3,0,3,3,win,2026-06-11 21:10:48.449311+00
6188f06e-5479-405b-a857-a9b6dbd3b444,23dde6b6-0d42-4f98-98c2-6829c91fa855,472a5e3d-5ce9-46a8-9abf-fa5593699943,3,0,3,3,win,2026-06-17 05:30:13.792149+00
61c8afbb-8fb3-4cf3-b2c3-19ee955c3b6f,59c2a05e-d441-475b-a254-b4ad61dabc7d,0aa39c05-82fc-4131-9670-9fe588932f2d,1,0,3,1,draw,2026-06-13 21:09:32.876848+00
62a35a11-a8d5-412a-a69c-8b834a2582b8,36398198-c0c1-4bff-b357-bf851b2af6f2,5ff3fb62-02c7-4666-80f9-540118fecb20,1,0,2,1,loss,2026-07-07 22:50:36.559474+00
637d206b-e8d1-4dcd-89ce-ba1c2867d9d3,d4077bd1-f686-451c-9070-f7356d646a0f,6154fec4-83b3-4b8c-b92f-b8a31399f6c9,3,1,3,3,win,2026-06-18 05:40:07.15981+00
642fddd8-9485-456e-8f4e-aa631644a596,ab0ba333-841c-431d-ab92-a4e2ae574132,0abac47a-3e0a-4c4d-a733-fd3c5e94beed,2,0,2,2,win,2026-07-12 00:11:02.851975+00
65b0e61a-eee7-4431-9507-270fd7a39336,beb70ea8-4882-4c6d-86f2-b26f14f80fc0,0ef4fa94-95e2-4f21-bf22-2dbd50f2426c,2,0,2,2,win,2026-07-09 22:00:57.007691+00
66473010-21dc-476a-957e-2b467be6ba8a,72f8c43b-0b4a-43b3-bb7f-37483a3c1a59,2737b00b-6825-43fa-900a-0a522772306f,2,0,2,2,win,2026-06-14 06:10:59.746555+00
6647b0a9-20af-49ab-8081-d9cac157500f,d0512d16-c747-4149-b868-b787f852d753,f1597d1c-d2cb-4027-86e1-0ba93a331041,2,1,2,2,win,2026-06-28 08:10:12.856203+00
6753fcc6-6dcb-40b7-8f09-c052b152f2d5,6fa1e9a4-0f8e-44d6-948a-db7ec32612df,4ec3afba-9a7c-4409-87d0-7d3f64316c22,0,0,2,0,loss,2026-07-14 21:00:04.198853+00
68d349a8-2628-4eb3-b263-fc1823634456,8465e4e6-f492-47e5-8c50-ef8761a3a10b,e71dd1df-caa8-4b10-8ffb-220c4e918698,1,0,3,1,draw,2026-06-21 21:01:41.129512+00
6ab1d765-d3ef-4937-8669-126e99badad9,2b9bd34c-43c1-4ef1-b9d8-ad662c55efce,0aa39c05-82fc-4131-9670-9fe588932f2d,1,0,2,1,draw,2026-06-13 21:09:32.876848+00
6de3856a-4687-4b41-8fff-74b1a8885add,2f41ac59-eceb-4d73-b4f9-45c4772bbd80,64167916-7a8e-4126-bdc2-445e6dfd9cd8,2,0,2,2,win,2026-06-17 06:14:22.426639+00
6eef4c84-38f9-44d7-9e9b-dbd523cc32e7,98e40309-511c-4ec7-bf8e-06d56299211d,0aa39c05-82fc-4131-9670-9fe588932f2d,1,0,3,1,draw,2026-06-13 21:09:32.876848+00
6f406490-6a6f-4536-8dba-5cec4dbaf532,bcd7152d-2ca8-4016-8260-a61597921f5f,64167916-7a8e-4126-bdc2-445e6dfd9cd8,3,0,3,3,win,2026-06-17 06:14:22.426639+00
71b0f14b-58fa-4ebc-b379-48d09bedab8c,6c33d2a6-8ba5-49f1-af6d-ea9e1710bd20,6154fec4-83b3-4b8c-b92f-b8a31399f6c9,0,0,2,0,loss,2026-06-18 05:40:07.15981+00
74608826-365f-45c2-aed9-fe3e4a21ddd3,9d738f52-4624-44c2-a7f3-5d7634f037ac,0635f748-c59a-4104-b439-1c84c2e81460,3,0,3,3,win,2026-06-26 21:07:01.649577+00
74bd804a-cb1b-406a-9bf9-f7393a622d25,338be2cc-b9b7-494f-8e63-5f83a5b21eec,53d7793c-7e1b-4a8a-bd9e-8044f4ffc71b,2,0,2,2,win,2026-06-19 01:58:30.58785+00
74cc6cc4-8712-4423-a043-7e00ec0f5b1a,de8fc6c4-49b9-4ad2-9b08-5728e2a4330d,356341b8-bf0c-49e3-9811-85ca67b9eea8,2,0,2,2,win,2026-07-04 03:16:39.246198+00
753f3987-3f51-429b-afa1-a2b783e5d7ef,06c518d3-8536-4a1a-bcae-c895c911a61f,0635f748-c59a-4104-b439-1c84c2e81460,3,0,3,3,win,2026-06-26 21:07:01.649577+00
754c4b29-6556-4cea-a199-0355feda5057,949b8f71-8f82-4502-85d7-7262a9223506,b74d9072-2d8e-4988-ad96-c3680624ee52,3,0,3,3,win,2026-06-19 21:44:05.863439+00
759be5b9-b378-418f-b633-257a3729b2b0,8d5d476f-7e6e-4b53-a32f-a236533d3170,e51ad0e0-f1b7-449e-ad47-4e4c2559ff76,3,0,3,3,win,2026-06-27 05:34:06.218286+00
76e87edb-5f9b-4ca7-bdda-c1ebe994477d,b939347d-9031-4518-935e-39b7ab8050a9,0bcfd687-dbd6-4369-bb0f-8fd682346491,2,0,2,2,win,2026-07-02 05:40:54.454317+00
77690a15-64f9-4453-842f-bbcee333e542,28a7347c-5309-4ddc-87c2-171a38efa8e5,0aa39c05-82fc-4131-9670-9fe588932f2d,1,0,3,1,draw,2026-06-13 21:09:32.876848+00
7a2e42ce-8696-4154-9bbb-0ce6f90da308,0dabc4ce-d9e1-4c0c-959d-57d79b58877f,5a849898-4855-4db0-926b-08d9605fd81a,2,0,2,2,win,2026-07-15 21:05:06.3587+00
7a4ecdf0-a46e-454b-9a16-e1ae34e0f430,747023f0-5db0-407a-a94d-855dd0fe64e3,84b62dcf-7110-46f4-ac2c-d4d5ccfbce8b,1,0,2,1,draw,2026-06-18 19:13:13.632799+00
7af48028-3103-4f45-bfed-3d8ef1601b7c,4b3c87f8-90b8-455d-8c16-19105a511b6f,0635f748-c59a-4104-b439-1c84c2e81460,3,0,3,3,win,2026-06-26 21:07:01.649577+00
7be58915-6874-42ac-838d-5678db1a2a28,21f0fc91-5621-478b-b7cb-3bf80b2acdea,8b694d3b-c857-43c4-a291-9d03ed28a289,0,0,3,0,loss,2026-06-25 21:58:35.79712+00
7e215ab0-c3be-409e-8472-652e54dafb7c,4ba5728d-a717-4d3d-9aaa-31991485f256,2737b00b-6825-43fa-900a-0a522772306f,3,0,3,3,win,2026-06-14 06:10:59.746555+00
81adb5f4-6f74-4549-8b02-2d05a12a56f3,47f4a597-829d-46e6-ae0c-27f3f09b1f72,674d531c-ea1e-4fb8-b533-cb72f31d2a07,2,0,2,2,win,2026-07-04 03:32:53.196272+00
81b569c5-d88d-450b-b8a8-a6ada5676c48,f8ddd991-2242-4aa3-be9a-a4f72e0d931e,472a5e3d-5ce9-46a8-9abf-fa5593699943,2,0,2,2,win,2026-06-17 05:30:13.792149+00
81c9bf30-7b04-4977-897f-1d2cc8a92eef,975fe05c-5398-4da2-8bb0-dc75d7fa86b6,2737b00b-6825-43fa-900a-0a522772306f,3,0,3,3,win,2026-06-14 06:10:59.746555+00
81f68062-09cf-4ff4-b90a-f0307ae67d4e,16f84c2b-a182-4041-a31d-7590e0745b7c,97d24d3d-e7f7-4611-b7b3-0609fec069b3,2,1,2,2,win,2026-06-24 21:25:07.162105+00
8254452c-130e-4560-8c21-1eecd997dea4,07395e96-812e-4c00-b31c-e39d4d78ddd3,64167916-7a8e-4126-bdc2-445e6dfd9cd8,2,0,2,2,win,2026-06-17 06:14:22.426639+00
82d4be34-dae4-4cd9-a742-ebc8e9bee5fd,c96fb551-02b9-486b-bc05-3c5b5636cac3,c482116e-ce9c-40bc-b95e-616917977de0,2,0,2,2,win,2026-07-04 19:04:16.218977+00
840efcb8-c272-4da5-b089-582e5cae1da2,f6f0df20-282e-4682-afef-c7121ba2f68a,53d7793c-7e1b-4a8a-bd9e-8044f4ffc71b,3,0,3,3,win,2026-06-19 01:58:30.58785+00
861cc41c-7831-4367-9f0f-a89de9f6bdcf,ad51dc02-a456-4f27-b454-220cc70e09b6,97d24d3d-e7f7-4611-b7b3-0609fec069b3,2,1,2,2,win,2026-06-24 21:25:07.162105+00
8780ac9f-89fa-4432-85c0-19c1656b0afa,ab97cb8e-eb42-411c-b47d-e8feb2d1280d,c482116e-ce9c-40bc-b95e-616917977de0,2,0,2,2,win,2026-07-04 19:04:16.218977+00
87ae463d-e264-4a50-9e60-3941e98f7013,8e80e933-977c-422f-91c8-cbd168c89ec4,e71dd1df-caa8-4b10-8ffb-220c4e918698,1,0,3,1,draw,2026-06-21 21:01:41.129512+00
87c30b65-1d64-405b-989c-f7aab746fc4b,9e79d347-2922-496b-a213-870f9c0ee284,0bcfd687-dbd6-4369-bb0f-8fd682346491,2,0,2,2,win,2026-07-02 05:40:54.454317+00
87cf837c-90be-49b8-9c9f-212090b3f6dd,91101c0b-cb8c-4b59-a165-df7ece12b28e,447d4217-d302-49c0-980c-cd1359ccb3c5,1,0,3,1,draw,2026-06-21 06:24:54.356673+00
88850e9d-2dc1-47c0-995c-831c4cf3503f,852a2a8d-6c94-4d90-a4c5-35a8b64348ff,447d4217-d302-49c0-980c-cd1359ccb3c5,1,0,3,1,draw,2026-06-21 06:24:54.356673+00
8b8b163c-c25b-4de3-9722-b8f62af1a444,96c11b54-15c5-4174-9408-abf158176d7f,f1597d1c-d2cb-4027-86e1-0ba93a331041,2,1,2,2,win,2026-06-28 08:10:12.856203+00
8cc35767-6439-4d15-9dd1-5f2fb5f62b64,b963d149-7873-4a54-acb7-2efa34627c14,ff4b8afa-c644-4ef8-9a42-56784b08adcd,3,0,3,3,win,2026-06-21 06:25:04.634312+00
8d795ca9-5ce9-4f98-a189-41c37ffb3452,82b1fc2e-2e3c-4b3d-898d-da0f7d9f2e94,7a401e03-6574-47d7-b91c-a7de7c3ed1dd,2,0,2,2,win,2026-07-10 20:59:48.403655+00
8dbb43de-8606-4cff-87f2-2acd90f6e0eb,9ae2e036-3fa7-480a-9c05-53986536c206,97d24d3d-e7f7-4611-b7b3-0609fec069b3,2,1,2,2,win,2026-06-24 21:25:07.162105+00
90b510ee-d4e6-473f-a0cd-abf2d96c3bcf,0289ac63-698d-4a87-aac7-6b65311e9a02,0635f748-c59a-4104-b439-1c84c2e81460,2,0,2,2,win,2026-06-26 21:07:01.649577+00
90f06835-5063-4262-8352-53cf7d5dbc9b,c8d54e64-9033-485a-8870-093f3d736a4c,1fd593cc-3f89-4335-8c34-1d4183911037,1,0,2,1,loss,2026-06-30 05:43:05.935735+00
917fe940-e222-401b-8fdb-66cb7337f095,14efa54b-c629-4e54-96be-fe776a992502,5688eceb-e867-4cbb-a673-0677aacc75f2,1,0,3,1,draw,2026-06-22 03:40:02.230937+00
9211ad01-d7a2-4b86-8e8e-b307fabebae3,af11bed1-3ae5-4dca-9511-f4a02eaf98d6,f1597d1c-d2cb-4027-86e1-0ba93a331041,3,1,3,3,win,2026-06-28 08:10:12.856203+00
92a3b4ed-a81c-4bad-afe4-fba87de37a74,24d317f4-e7a3-40d9-8a2b-c8a9e6214959,97d24d3d-e7f7-4611-b7b3-0609fec069b3,2,1,2,2,win,2026-06-24 21:25:07.162105+00
9385c0fe-de19-4dfb-9160-5f4fde4afa6a,69e1e472-329b-4c0f-ac3d-70a86a6d0103,89faf49a-c4d3-43da-9c28-461f46e56075,1,0,2,1,draw,2026-06-26 05:44:05.175976+00
9428e65a-742f-4c30-bd0b-da6ed1d88185,7ba2e30f-3648-4036-a8c7-0a3f616525f2,84b62dcf-7110-46f4-ac2c-d4d5ccfbce8b,1,0,2,1,draw,2026-06-18 19:13:13.632799+00
949a6cc2-8e4d-4976-ba28-396b16a8bca3,cd44771a-f2eb-48bb-b4dc-34a7b9fe564f,1f013a7e-8052-415d-8090-99a4cfba5780,1,0,2,1,loss,2026-06-29 23:29:18.775185+00
9505bb23-76c0-412e-9e65-f358911ba87b,bde7ed21-f9ba-4044-8e0b-216e6f2df086,97d24d3d-e7f7-4611-b7b3-0609fec069b3,2,1,2,2,win,2026-06-24 21:25:07.162105+00
9532d308-856d-4907-9d40-7f540127fa24,1ee91f43-f35f-409e-8db8-7b5e6bdc67f8,84b62dcf-7110-46f4-ac2c-d4d5ccfbce8b,1,0,2,1,draw,2026-06-18 19:13:13.632799+00
95511008-2824-4b8d-85d9-6cda61a582b3,47ad14eb-a2a2-4011-b122-d5c4acfbf43f,97d24d3d-e7f7-4611-b7b3-0609fec069b3,3,1,3,3,win,2026-06-24 21:25:07.162105+00
9801269d-ac39-46bc-baa8-fa14fe82ce01,12571d8d-fa1a-4443-acef-40309f5cf735,4ec3afba-9a7c-4409-87d0-7d3f64316c22,0,0,2,0,loss,2026-07-14 21:00:04.198853+00
98360aa8-be4c-4d6a-9e52-f978c15c3b05,c72d79d4-8159-4b46-9ce7-aad8d1a863f7,6154fec4-83b3-4b8c-b92f-b8a31399f6c9,2,1,2,2,win,2026-06-18 05:40:07.15981+00
983b6f38-a46e-4846-816c-4f1717f40d42,4f49ecfe-d72b-475a-9fa8-3a5cf0d87343,0bcfd687-dbd6-4369-bb0f-8fd682346491,2,0,2,2,win,2026-07-02 05:40:54.454317+00
9aa5fdd8-b989-44bb-82a6-7c3e8394f1da,46ab2698-2857-4049-b073-192fc46c7fb6,447d4217-d302-49c0-980c-cd1359ccb3c5,1,0,2,1,draw,2026-06-21 06:24:54.356673+00
9ae7bb10-0808-43ab-aa93-f69321572b02,5766336c-a0db-4a0f-ace2-35cb78378bd2,2737b00b-6825-43fa-900a-0a522772306f,3,0,3,3,win,2026-06-14 06:10:59.746555+00
9ba07da0-bdcd-41b7-ac95-88f4f50a6370,3292dbeb-749f-49f7-9e6f-0b8cc376b059,d6028dab-94a8-4e2f-bf47-0370f6fdcd3b,0,0,3,0,loss,2026-06-25 05:51:02.252767+00
9c766014-e605-4aab-b189-d3dcfcc0e8b5,6cc62e54-8e76-41dd-b5fb-d23ce80aa10c,a0e08c51-817d-46fe-8016-5f5a0215b470,2,0,2,2,win,2026-07-07 18:06:49.153078+00
9d97b874-ff20-445a-a1ab-b2eecedd1e14,ee5d54c9-d97c-4fe0-aad5-bf13ccee80f7,e51ad0e0-f1b7-449e-ad47-4e4c2559ff76,2,0,2,2,win,2026-06-27 05:34:06.218286+00
9dab2998-f503-4da7-a3cf-6caad4dcfca0,e3aabe51-1561-4dfb-9466-bde9cee3a680,0aa39c05-82fc-4131-9670-9fe588932f2d,1,0,3,1,draw,2026-06-13 21:09:32.876848+00
9f85cd95-426a-4334-8214-6cbba20a1d66,9e9a58f5-26cf-477a-beea-394516422d46,c168f9b4-b365-4b6c-9b68-3f20f8650bf5,2,0,2,2,win,2026-07-19 22:03:05.588808+00
a0437a06-01ed-44da-8af7-9e16bc568bdb,ba0fd4a0-98f9-48b6-bfaf-7194833efba0,7a401e03-6574-47d7-b91c-a7de7c3ed1dd,2,0,2,2,win,2026-07-10 20:59:48.403655+00
a140a146-95cd-4af9-8df7-7b321c4ad8d7,8843ff08-b9a5-4177-b926-7796316c54b1,24a55af4-cc2c-4c75-a9c3-f0ba07f8965e,3,0,3,3,win,2026-06-25 05:50:36.628916+00
a16f5ce8-497e-425d-8523-4115f3eb51ec,a205f308-2ff3-4f63-8d1a-a5ebe9c9fd71,d6028dab-94a8-4e2f-bf47-0370f6fdcd3b,0,0,2,0,loss,2026-06-25 05:51:02.252767+00
a2a10d4e-e756-4680-804c-a7a836d22869,d8b62402-0256-4d04-97b0-810a7aaa0915,0635f748-c59a-4104-b439-1c84c2e81460,2,0,2,2,win,2026-06-26 21:07:01.649577+00
a31315a1-22c6-4d7b-ac1c-089fa40794dd,8318e774-35dd-4b3f-9c55-292d76c749bb,24a55af4-cc2c-4c75-a9c3-f0ba07f8965e,3,0,3,3,win,2026-06-25 05:50:36.628916+00
a3bad606-f6b6-4d7f-b8a7-9791df66c78b,3e14fc9e-981c-44d2-af3d-6c86f847f7aa,f1597d1c-d2cb-4027-86e1-0ba93a331041,3,1,3,3,win,2026-06-28 08:10:12.856203+00
a58f285a-eb12-4000-b17f-57617520ea2e,8d904975-9ce6-4f31-aeff-f5f06e37e644,5a849898-4855-4db0-926b-08d9605fd81a,2,0,2,2,win,2026-07-15 21:05:06.3587+00
a62f55e0-e67b-4554-97be-ad279fdde2f2,73deb83f-1cbb-47e7-b43a-16397b5bff71,00b8176c-7982-4869-afe6-35e05e89d930,2,0,2,2,win,2026-07-12 08:29:28.083051+00
a940c762-0ab0-4841-a46d-5825f5965389,84be8d14-5150-47ec-a548-561a7e994c98,84b62dcf-7110-46f4-ac2c-d4d5ccfbce8b,1,0,2,1,draw,2026-06-18 19:13:13.632799+00
aa2d5999-7125-4901-8871-5f262cf42134,db23c536-0a75-4e98-9b91-3c5e2f6d1e0d,0bcfd687-dbd6-4369-bb0f-8fd682346491,2,0,2,2,win,2026-07-02 05:40:54.454317+00
ab15c6ce-5549-4621-99a5-2d8b06e72382,b9191401-84c2-42be-8394-ad3659bc6162,4645c3d2-2710-4c1f-a94b-f1a4b24de902,2,0,2,2,win,2026-06-20 06:37:37.977227+00
ac9414cf-524d-415c-a63e-15ab5189e4ca,48f52dd9-4b34-4b79-be20-1c14a736a4d9,5688eceb-e867-4cbb-a673-0677aacc75f2,1,0,2,1,draw,2026-06-22 03:40:02.230937+00
ae941c36-c2db-42a9-990d-541038258eaa,658f3772-af5d-4d3a-80a0-97ee9f0c2c9d,472a5e3d-5ce9-46a8-9abf-fa5593699943,3,0,3,3,win,2026-06-17 05:30:13.792149+00
aecba499-3c35-4257-9504-3bd0b07be152,96754c6f-3c8d-4a6c-b2ff-44ac79bd5f70,84b62dcf-7110-46f4-ac2c-d4d5ccfbce8b,1,0,2,1,draw,2026-06-18 19:13:13.632799+00
b0c419f4-b65b-4fbc-93b8-61e9aa551a45,d72412f2-814c-4b19-9a02-79781605232e,09779cac-8a10-4c3d-a107-9f9490f548f1,2,0,2,2,win,2026-06-18 21:42:45.107196+00
b1a002de-4aef-4c66-918e-bd01a6d4530a,f61c4b99-1253-4c47-9340-581814d14ae8,799ad195-8136-4549-b477-95fe02eaef8e,3,0,3,3,win,2026-06-18 05:40:17.949665+00
b2c518e0-844f-4dc3-ad34-b36efca43630,865161dc-dee5-4b62-9502-957bd743d9ea,6154fec4-83b3-4b8c-b92f-b8a31399f6c9,2,1,2,2,win,2026-06-18 05:40:07.15981+00
b306863b-8fc5-40aa-8c50-03942b8d2c09,6c86d07e-636b-46ab-adb8-8db7eaaabb6b,8dc0c811-0f83-4784-95c6-94cd1691217e,0,0,2,0,loss,2026-07-06 00:01:20.442506+00
b323d4be-4952-4392-b215-3abf3d79ff9c,4caff54d-5f5a-4540-8520-6c9c98246a36,2e98ff8b-14f8-427d-bf77-320b06b02c7c,2,0,2,2,win,2026-07-03 06:52:38.697271+00
b41b5523-1c0f-485b-afad-6594cd65c186,dd036c38-6480-499b-9041-64cecc9a1276,2b8d5341-a73c-40fb-a9e4-975e879b65d3,1,0,2,1,draw,2026-06-12 21:05:22.303512+00
b78827a8-08af-4d8b-a0a2-a8380c1da82b,15e49401-a3b9-4021-b993-00a02c96b5ea,c482116e-ce9c-40bc-b95e-616917977de0,2,0,2,2,win,2026-07-04 19:04:16.218977+00
b95b5280-bbef-4e8b-a07d-70d7d06fdec9,846de7c9-58aa-41e8-b526-89f0bf72c1cd,24a55af4-cc2c-4c75-a9c3-f0ba07f8965e,3,0,3,3,win,2026-06-25 05:50:36.628916+00
bbc9375f-06cf-455a-8519-da21306214e6,07ff1fc0-bf34-4de5-a524-edcf21d41208,c482116e-ce9c-40bc-b95e-616917977de0,2,0,2,2,win,2026-07-04 19:04:16.218977+00
bc5eca07-4179-4ea7-9360-b318ed563787,29d0629f-44a9-49a8-a0b0-d9fee87355ae,447d4217-d302-49c0-980c-cd1359ccb3c5,1,0,2,1,draw,2026-06-21 06:24:54.356673+00
be453b23-649a-4813-868b-7b56938e00ad,f0228980-47f2-438a-b9af-599cfb8feff5,d6028dab-94a8-4e2f-bf47-0370f6fdcd3b,0,0,2,0,loss,2026-06-25 05:51:02.252767+00
bfe5de52-bc77-48e3-aaee-5fb7f1fee24d,b00b6ffa-1372-49a5-b00c-9d92210d9fa3,c482116e-ce9c-40bc-b95e-616917977de0,2,0,2,2,win,2026-07-04 19:04:16.218977+00
bfe9cfec-3675-459e-a3e6-c2c7b15a4f71,6b7dff11-5bc7-41cb-8bc6-ec54d68b0055,a3f494e7-f129-4d66-87f5-438a915a4bdb,3,0,3,3,win,2026-06-24 06:17:32.52683+00
c1227a3b-692c-4734-a40b-9f919d30493c,b4b4b2e2-0dee-4eea-9309-8190d689f978,5688eceb-e867-4cbb-a673-0677aacc75f2,1,0,3,1,draw,2026-06-22 03:40:02.230937+00
c394c4de-2bb7-4ca9-86ed-01aaa9cb86dc,8ceeb596-437c-4483-9564-1c63c4df8152,447d4217-d302-49c0-980c-cd1359ccb3c5,1,0,3,1,draw,2026-06-21 06:24:54.356673+00
c3bdd3e0-a3e2-4224-8b4e-d7dfe1c8cb6e,e0041469-d0f2-4e6f-9aad-1d65c38a5271,95e9203a-5dfe-44fe-9946-8e2d0dc2e1a9,0,0,2,0,loss,2026-06-19 06:55:47.897524+00
c58e6530-3305-41bb-9d77-2b2f81ac8493,4897196b-e754-461b-a800-8b2bd39957b6,84b62dcf-7110-46f4-ac2c-d4d5ccfbce8b,1,0,3,1,draw,2026-06-18 19:13:13.632799+00
c70f9983-9ece-458c-9980-ee6083c385ce,a64d4b3e-f5e1-41d6-a88e-4113d679e1a8,ff8ff08a-b110-4120-a1c9-8ffe191fc2ba,3,0,3,3,win,2026-06-20 06:37:46.581181+00
c87f8ce5-a0b0-4fd6-bb91-6220d3330de8,1bfbf1a9-2362-4d03-8813-34c9984a7fc0,4ec3afba-9a7c-4409-87d0-7d3f64316c22,0,0,2,0,loss,2026-07-14 21:00:04.198853+00
c8a5a47c-61a6-449a-a961-9f698257f693,5087e3b8-b5da-4f16-a216-4f42c467746e,4a1a38c4-fe97-4d42-a2ff-8a0caa18ff17,2,0,2,2,win,2026-06-25 05:50:44.23606+00
c8c10dd1-91aa-430d-bd9e-e2279a31d453,17dbaad8-1db1-4052-bf0e-3498c395b2d2,1f013a7e-8052-415d-8090-99a4cfba5780,1,0,2,1,loss,2026-06-29 23:29:18.775185+00
c8f74486-78e0-4319-bf0e-92b1c267d68e,05a7d3db-280c-4405-b1c3-d3d828835941,8dc0c811-0f83-4784-95c6-94cd1691217e,0,0,2,0,loss,2026-07-06 00:01:20.442506+00
cb5a6d39-2662-4dd3-a893-eb6b562c53fe,5bcfbff8-9dcf-4eea-8b30-1fcfe3d72bfb,2737b00b-6825-43fa-900a-0a522772306f,2,0,2,2,win,2026-06-14 06:10:59.746555+00
ccf5a191-26e5-4a72-82c8-c0b15e5be979,04e85684-03aa-4533-a880-d2180376a275,5a849898-4855-4db0-926b-08d9605fd81a,0,0,2,0,loss,2026-07-15 21:05:06.3587+00
cf9849c2-4a0e-4c30-be9b-05708e14ff22,deddd4c3-a62b-4503-ad65-d6245b1462ac,5688eceb-e867-4cbb-a673-0677aacc75f2,1,0,2,1,draw,2026-06-22 03:40:02.230937+00
d120d38b-6bde-40f8-9648-6ca7bef85349,c434bd29-7723-4b7f-9be0-4c26d43e3ce8,1f013a7e-8052-415d-8090-99a4cfba5780,1,0,2,1,loss,2026-06-29 23:29:18.775185+00
d3ce2fe1-0525-43aa-816a-37b2c210573d,903438d3-94cd-4837-a393-10db197e9528,84b62dcf-7110-46f4-ac2c-d4d5ccfbce8b,1,0,2,1,draw,2026-06-18 19:13:13.632799+00
d8b83c0f-4158-43ab-81d3-2d8e4f765809,d66cb19c-1ed7-44af-a05d-128e639fd263,2737b00b-6825-43fa-900a-0a522772306f,3,0,3,3,win,2026-06-14 06:10:59.746555+00
d8f982e7-0f46-40c7-aa4b-ffd9e78fe9f3,1200e2a8-75c8-4e91-9ef7-159baf293be5,97d24d3d-e7f7-4611-b7b3-0609fec069b3,3,1,3,3,win,2026-06-24 21:25:07.162105+00
db56b39b-dcad-4d9f-9016-9f5e1d3d3379,98c7a20b-ba36-4d7f-a4ba-c596a2c127be,5f2999a7-5535-4fe4-b0ba-a058b61fd138,3,0,3,3,win,2026-06-25 21:58:11.451425+00
db79988f-0fdd-4b35-9654-ba4e261fe108,a288a34d-25e3-4dca-b80c-33c7f45af302,d6028dab-94a8-4e2f-bf47-0370f6fdcd3b,0,0,2,0,loss,2026-06-25 05:51:02.252767+00
de6ab86e-3057-4ce3-b4bd-fc7570834324,3844c305-627a-4e78-86d1-8a80243701c4,8b43c919-110a-4ae6-9fc8-81acfa9ba2c4,3,0,3,3,win,2026-06-11 21:10:48.449311+00
df4b4ab4-e1ef-4a01-9bcb-d90a709a4323,b522652a-b1e5-4b57-afe0-b36a4705dbe1,64167916-7a8e-4126-bdc2-445e6dfd9cd8,2,0,2,2,win,2026-06-17 06:14:22.426639+00
df5d633a-22e0-431d-8985-c9ee8b55fff2,648f4240-cc78-49c2-a7ed-91dd751b05e7,7ea5f707-1221-4f5e-afd4-b87a6704c790,2,0,2,2,win,2026-06-28 20:57:27.993667+00
e076588d-e659-4434-9237-b425b5bc1030,cc48d101-64a9-4da3-8b4b-ae2ae55572ea,53d7793c-7e1b-4a8a-bd9e-8044f4ffc71b,2,0,2,2,win,2026-06-19 01:58:30.58785+00
e456cd33-233e-426d-8bf1-bf5798ee66af,352dc734-6f9a-4cf0-bf2f-5f61015ede1c,0bcfd687-dbd6-4369-bb0f-8fd682346491,2,0,2,2,win,2026-07-02 05:40:54.454317+00
e48a2460-92f5-42fb-aef7-b7f475197d6d,684357ca-b1be-4b8c-b03b-c3a74ab47476,447d4217-d302-49c0-980c-cd1359ccb3c5,1,0,2,1,draw,2026-06-21 06:24:54.356673+00
e4ba8355-07ea-4f65-8fcb-738a86354e54,bc075904-041a-441c-a462-7c5271d9fa89,0abac47a-3e0a-4c4d-a733-fd3c5e94beed,2,0,2,2,win,2026-07-12 00:11:02.851975+00
e50123a2-81bb-47de-b20c-e572e50e4c2c,725879ce-81f7-4efe-bf1f-f8c8f17afbd9,7ea5f707-1221-4f5e-afd4-b87a6704c790,2,0,2,2,win,2026-06-28 20:57:27.993667+00
e7e0e7d2-6d86-44dc-95d8-917436afd711,2ccab4b4-3b72-4d40-9088-da8567b3c8da,371dfc3a-483b-4b55-9462-6a8b23f9cb6e,3,0,3,3,win,2026-06-22 03:40:13.446856+00
e905a637-02f1-4708-bda5-57606758ab52,f99eba48-a829-46ee-bb62-5452046e1078,5f2999a7-5535-4fe4-b0ba-a058b61fd138,3,0,3,3,win,2026-06-25 21:58:11.451425+00
eab58ed4-43b1-49ae-bb8a-b77170b16348,45afc289-0d3b-4c7a-a1d3-f77a1bcf4213,64167916-7a8e-4126-bdc2-445e6dfd9cd8,3,0,3,3,win,2026-06-17 06:14:22.426639+00
eb3cf5f3-aedb-42ed-988c-8ee5b17e27b3,abbed847-5440-421c-922b-cdb3bf0dd381,6154fec4-83b3-4b8c-b92f-b8a31399f6c9,2,1,2,2,win,2026-06-18 05:40:07.15981+00
ec5f0dea-ec40-4326-a9fb-49cbc558af54,33abd365-0f43-4c90-a357-163607e75f94,7a401e03-6574-47d7-b91c-a7de7c3ed1dd,2,0,2,2,win,2026-07-10 20:59:48.403655+00
edff3a18-d751-41bd-bf7c-e734e1a2ce47,e211558f-13c7-4920-9a2e-9148e53fa674,c482116e-ce9c-40bc-b95e-616917977de0,2,0,2,2,win,2026-07-04 19:04:16.218977+00
ee14883c-b7f1-4a8f-9238-583c5bb8b7fb,d1e67e69-8b29-4011-8094-5ec328d8d7b4,97d24d3d-e7f7-4611-b7b3-0609fec069b3,3,1,3,3,win,2026-06-24 21:25:07.162105+00
eeffbeac-8dc6-426d-869a-69c0b1e9403f,1668026a-ecbf-4789-8a20-b3ae5bcc7519,84b62dcf-7110-46f4-ac2c-d4d5ccfbce8b,1,0,3,1,draw,2026-06-18 19:13:13.632799+00
ef8042f9-ca2b-4303-bd92-3117323f5340,d3c89295-cc79-458c-9d18-57a37c901b1c,96886524-a0dc-4126-9d42-ff0050f7fefc,1,0,3,1,draw,2026-06-15 20:58:17.142573+00
efde822d-be1f-4e93-b5da-6bcd1b0a9806,b1b492c4-59ea-400f-a23c-f04e19024314,447d4217-d302-49c0-980c-cd1359ccb3c5,1,0,3,1,draw,2026-06-21 06:24:54.356673+00
f095aa7e-b6f2-442d-810c-7d5d901eea48,41d9df49-0ff7-48de-beb8-a78d75cb3bb4,c482116e-ce9c-40bc-b95e-616917977de0,2,0,2,2,win,2026-07-04 19:04:16.218977+00
f10d5ffd-fade-4fd2-8633-d7b021247a1b,5fca833f-1b18-43f1-800b-33ad3965c56c,2e98ff8b-14f8-427d-bf77-320b06b02c7c,2,0,2,2,win,2026-07-03 06:52:38.697271+00
f1629f9a-c570-4711-b12f-1f235ec94499,011679a8-9c2a-465d-ab45-d84d5587e841,24a55af4-cc2c-4c75-a9c3-f0ba07f8965e,2,0,2,2,win,2026-06-25 05:50:36.628916+00
f360bf59-60b8-4c5f-9aa3-c2e23311654d,f3d82b86-fe6b-45be-82e1-361c74c797cb,2737b00b-6825-43fa-900a-0a522772306f,3,0,3,3,win,2026-06-14 06:10:59.746555+00
f471ccd9-013e-4dd8-9200-00b8485aca5d,7e0802f3-072b-4f99-b13f-449f495bcfa0,2737b00b-6825-43fa-900a-0a522772306f,3,0,3,3,win,2026-06-14 06:10:59.746555+00
f78e3b96-3eda-4812-bf98-c9f5ffd27124,ef757b5c-a4df-4f93-a771-51d2bcf3b320,7a401e03-6574-47d7-b91c-a7de7c3ed1dd,2,0,2,2,win,2026-07-10 20:59:48.403655+00
fafa4584-e245-4b3f-803c-b130fda4b04e,3688f461-dc4d-41b0-9a1d-1a0faa46bcd7,c482116e-ce9c-40bc-b95e-616917977de0,2,0,2,2,win,2026-07-04 19:04:16.218977+00
fbd11cba-ac95-4f6d-9315-4d3610acfbdf,f93e73c2-48aa-48b5-bcba-8eeb44e097ea,1f013a7e-8052-415d-8090-99a4cfba5780,1,0,2,1,loss,2026-06-29 23:29:18.775185+00
fcfee208-24e4-4815-b672-7cd2f56337e2,a15291f0-055c-4710-bedc-d46ba0ce3ade,5f2999a7-5535-4fe4-b0ba-a058b61fd138,3,0,3,3,win,2026-06-25 21:58:11.451425+00
ff6f98dd-c621-4ed8-a06b-973c7bb5b8a8,5a8b5ada-1e89-4aa5-9c1d-155376187162,2737b00b-6825-43fa-900a-0a522772306f,2,0,2,2,win,2026-06-14 06:10:59.746555+00