id,team_id,odds_decimal,odds_fractional,fetched_at
00233824-856b-465d-9236-d53a6facb921,cd984ce3-2f2c-41d5-a7ba-137060caf8ae,81,80/1,2026-06-11 12:52:58.271+00
00916430-4d0a-46f1-9105-7683707267bf,e171e736-56f2-44fa-92b5-b0653ea2ce2a,41,40/1,2026-06-24 06:19:29.232+00
00e747b4-547d-4f41-a9d3-7dc9c3142c70,f2c7a0c3-9a4c-4e3f-92a3-39abff0ce8e2,4.33,10/3,2026-06-28 12:48:00.061+00
00fe486c-1a5b-4b76-bee9-5c1c9544c9cb,7f560d60-00fc-46e1-b81b-4e7234b7cb04,2001,2000/1,2026-06-14 18:43:53.623+00
01baffda-1cc3-46b7-8309-07090c33d6e2,f2c7a0c3-9a4c-4e3f-92a3-39abff0ce8e2,2.5,6/4,2026-07-10 06:46:45.711+00
021858c8-8ff0-4fb9-878f-222ebeafb7f5,acfbd82a-7005-41b9-9613-606ceefc857e,34,33/1,2026-07-12 00:11:35.213+00
021c654d-58b6-4d19-a1eb-9d0d6e2598c7,54ef8b7c-5afd-4a48-a3b9-d6701dd757f9,320,319/1,2026-04-21 12:08:49.475+00
0221a4a0-1760-4741-9a7c-c5331a4580b8,a1cbc3f2-826a-4c04-803b-b5c2930d3c42,840,839/1,2026-04-21 12:08:49.475+00
024afbe2-581e-4091-badd-5dad8a6f280c,95b1e39e-97c3-4d45-9714-3f507d7c52f1,5,4/1,2026-07-07 18:08:32.103+00
032dfb56-563e-4c8c-9fd4-f4847466d480,6ea9375b-d599-463f-96e6-c87d9209e9b2,5.5,9/2,2026-07-10 06:46:45.711+00
03576910-9214-48ef-889b-8986d3a363ab,622bb3ef-bc6e-4c9a-9efe-aae4d0f95822,1001,1000/1,2026-05-22 13:11:30.343+00
0390e766-9f73-4796-92ec-368bfcb214a1,910a4a31-591d-4c32-8b57-b0d0bbde5a26,101,100/1,2026-06-18 12:42:27.657+00
055637b1-a973-4d54-8538-d5130b0fae34,aa0baf4e-af82-4020-9093-715971d63105,2001,2000/1,2026-05-22 13:11:30.343+00
05618764-49b8-483c-8043-9abf8d68a30d,f99d6725-238c-4d95-8502-9d25b4a6e89e,251,250/1,2026-06-23 11:50:21.932+00
05838f66-f4f8-4d10-bd26-8f99eaa3f498,fcc03c57-8857-4986-98b0-0e30fb42ab2a,60,59/1,2026-04-10 09:36:20.58+00
060a8fde-4f8e-4a6f-96bf-573453a9be67,fcc03c57-8857-4986-98b0-0e30fb42ab2a,51,50/1,2026-06-29 23:44:55.782+00
06351230-d1a3-4604-a8da-ce4b442ac2e8,6527ec07-bc6b-4b53-8bff-90b6f622aece,29,28/1,2026-07-02 20:58:38.911+00
080aa908-a1cb-45ea-a42d-4eba9909cafe,a1cbc3f2-826a-4c04-803b-b5c2930d3c42,640,639/1,2026-04-14 03:43:23.059+00
082cf91a-0349-4466-9af0-3a815399889d,1b2fe4cc-3105-4e0b-b1ff-06f91c466ef7,9.5,17/2,2026-07-02 20:58:38.911+00
085d6d0c-5f29-4d93-a6ce-e33f114c9dba,a1cbc3f2-826a-4c04-803b-b5c2930d3c42,880,879/1,2026-04-24 21:33:21.013+00
0998ef1b-ca7b-4ff1-93b8-61ba81e4537a,f2c7a0c3-9a4c-4e3f-92a3-39abff0ce8e2,7.2,31/5,2026-04-10 09:36:20.58+00
0a1fc92a-ada7-49f6-8483-d8ac2cb6f8cf,8682004e-e186-4705-aa29-9704b2815dc4,41,40/1,2026-06-27 05:44:45.991+00
0b6be7fb-e2d3-4ad3-8cb8-f045cfd0cac4,acfbd82a-7005-41b9-9613-606ceefc857e,34,33/1,2026-07-07 23:15:11.541+00
0cb02390-fb41-40ba-b159-7725dc60972e,151a98cf-99e8-4e7a-ab57-396a13db4a72,101,100/1,2026-05-22 13:11:30.343+00
0ce1026b-f342-4e2b-a766-35a2045500ff,d6209663-7a5c-4736-b346-cde299b554b2,400,399/1,2026-04-21 12:08:49.475+00
0ceed2b6-21dd-4127-8ce0-db79fbc69b2c,f2c7a0c3-9a4c-4e3f-92a3-39abff0ce8e2,2.5,6/4,2026-07-05 12:22:50.646+00
0d2b41dd-de85-474e-b730-a0d1d1e81021,8cccecd8-b1ab-4159-bf35-29ef0db369c4,81,80/1,2026-05-22 13:11:30.343+00
0d536f75-76f3-41a7-8452-2ab8b6ac50a9,52f066d8-0a7a-42c5-8a6b-103ec4ba2c91,251,250/1,2026-06-22 13:54:32.611+00
0ea2b0da-d3b6-4a76-9657-545406efcbc9,1b2fe4cc-3105-4e0b-b1ff-06f91c466ef7,4.33,10/3,2026-07-12 08:29:35.443+00
0f007b66-e49c-4981-a63a-268c38c5f489,f27875c8-4818-4323-8d45-333b7f82cf57,1501,1500/1,2026-06-18 12:42:27.657+00
114cbd82-fc3f-4163-80eb-385195d5539f,f99d6725-238c-4d95-8502-9d25b4a6e89e,251,250/1,2026-06-29 23:44:55.782+00
11ff087e-e4ce-49ea-b1dc-be935907ed02,e176dd2c-4446-4811-b4cc-fc28e9c2ab25,67,66/1,2026-05-22 13:11:30.343+00
150d0f22-087a-4ecf-b521-89b0185283f6,61d8b501-96d1-4043-a2b7-de27e9b137d7,251,250/1,2026-05-22 13:11:30.343+00
158c7fbe-c47d-49e5-b0d0-41286a253769,cba2c884-3603-4b90-976e-49389b04f562,9,8/1,2026-05-22 13:11:30.343+00
16e69b9a-37bc-42fd-a25d-4cddc8b87d37,52eaa3b4-081b-4393-b291-d69c644c612e,101,100/1,2026-05-22 13:11:30.343+00
17a59dc8-8926-4915-8eef-36bfb6b4ee39,95b1e39e-97c3-4d45-9714-3f507d7c52f1,5,4/1,2026-06-30 17:41:19.132+00
192587fa-1e52-4b5a-a829-a2e5050bc747,e171e736-56f2-44fa-92b5-b0653ea2ce2a,48,47/1,2026-04-14 03:43:23.059+00
1b53eb70-6419-45c8-acff-034b80887092,d6209663-7a5c-4736-b346-cde299b554b2,301,300/1,2026-06-12 16:38:05.893+00
1bc96fd9-afcf-4b24-848b-af09bcd3e806,151a98cf-99e8-4e7a-ab57-396a13db4a72,110,109/1,2026-04-10 09:36:20.58+00
1c07a844-c27c-44a4-8877-037c60efeea0,95b1e39e-97c3-4d45-9714-3f507d7c52f1,4.5,7/2,2026-06-29 23:44:55.782+00
1cc6045d-9d37-4bf6-9952-cd89d49f9ffd,6ea9375b-d599-463f-96e6-c87d9209e9b2,5,4/1,2026-07-08 21:00:16.181+00
1d51f8c2-d90e-4521-9896-adf38c6666d8,4976e7fd-9b45-4cc7-b741-fe801fcee2d0,201,200/1,2026-05-22 13:11:30.343+00
1d772b0d-38ad-4cf2-aca6-0db245075a5a,6ea9375b-d599-463f-96e6-c87d9209e9b2,4,3/1,2026-07-12 00:11:35.213+00
1dd4b161-c62b-44c8-8e31-25ab9f3d9b59,52eaa3b4-081b-4393-b291-d69c644c612e,151,150/1,2026-06-23 11:50:21.932+00
1e54ffad-a4f2-41c8-8275-1bae5c111d64,b6afbe52-5067-4263-a750-6101f6efedc0,430,429/1,2026-04-14 03:43:23.059+00
1e8f7640-eac8-432a-8c04-390da6305b45,600575e1-d737-452a-abec-c6e22da92787,1000,999/1,2026-04-10 09:36:20.58+00
1ec3a110-1e5d-4ba2-9471-5b91d2e2eed6,fcc03c57-8857-4986-98b0-0e30fb42ab2a,29,28/1,2026-07-08 21:00:16.181+00
1ed923c2-2d6c-48ed-93a0-bff75d0bf483,910a4a31-591d-4c32-8b57-b0d0bbde5a26,81,80/1,2026-06-07 15:15:06.38+00
202d644e-66ab-4bbe-8b72-a9bc18df4bce,600575e1-d737-452a-abec-c6e22da92787,1001,1000/1,2026-05-22 13:11:30.343+00
2190e107-69fa-496c-8d48-9ae7a9cf7360,cd984ce3-2f2c-41d5-a7ba-137060caf8ae,126,125/1,2026-06-18 12:42:27.657+00
21ca2d01-350d-4685-ad88-8b9e664a70c2,8cccecd8-b1ab-4159-bf35-29ef0db369c4,101,100/1,2026-06-24 06:19:29.232+00
21fbf720-5861-493f-8311-3dcf06b27310,20e98c7a-4548-44f8-964d-7aba42ae7624,41,40/1,2026-06-29 23:44:55.782+00
22a224f9-2bf6-4b39-a0f3-6d8622c3c3d3,cffa413c-8c76-45a6-843e-87c34e78e45a,17,16/1,2026-06-26 10:34:54.912+00
23d5859f-ebfa-4c33-ac44-a101aece81fe,ef919163-49fb-4cc5-ab4e-f55d9419d806,1501,1500/1,2026-05-22 13:11:30.343+00
23e11fc2-b893-4688-8c2f-517f1ecc853b,cba2c884-3603-4b90-976e-49389b04f562,15,14/1,2026-06-23 11:50:21.932+00
2497dae8-a9ad-469f-bf71-1ddcb1188e22,54ef8b7c-5afd-4a48-a3b9-d6701dd757f9,151,150/1,2026-06-07 15:15:06.38+00
24b093e7-9ce1-473a-b2d3-01eb3a5dfc6f,8682004e-e186-4705-aa29-9704b2815dc4,41,40/1,2026-07-04 17:05:34.989+00
24cc9c2e-a3ca-440a-9d32-4aa857ebf310,ee8ecff9-d0b1-4aa8-ab21-da08a6c9229a,85,84/1,2026-04-21 12:08:49.475+00
27a8af92-8959-4d37-95af-8b7e1afc789a,87881cf2-7a14-4afa-9912-0ef5b2672387,151,150/1,2026-06-14 18:43:53.623+00
28165f56-7b90-4fd3-890b-20e78326b18c,a1cbc3f2-826a-4c04-803b-b5c2930d3c42,501,500/1,2026-05-22 13:11:30.343+00
28bf7473-b6ca-4a7e-82b3-8865c0cc2ce9,f2c7a0c3-9a4c-4e3f-92a3-39abff0ce8e2,3.5,5/2,2026-06-30 17:41:19.132+00
2985445f-aee3-47ee-9da3-6dc0890645e4,20e98c7a-4548-44f8-964d-7aba42ae7624,29,28/1,2026-06-18 12:42:27.657+00
2a409455-5633-411e-8e78-791b9753a5b1,eaca3063-d90c-4007-b3d8-ba829b3ee14e,13,12/1,2026-04-24 21:33:21.013+00
2a547575-2e6f-4f36-96a2-d848324aea5b,2044181c-c7e7-4759-8101-4779166812e3,21,20/1,2026-05-22 13:11:30.343+00
2c0fde9f-bd98-4375-8330-5e11b8d17c4b,151a98cf-99e8-4e7a-ab57-396a13db4a72,100,99/1,2026-04-21 12:08:49.475+00
2c2be5d3-2f73-4a95-9891-198e5bf40240,151a98cf-99e8-4e7a-ab57-396a13db4a72,151,150/1,2026-06-23 11:50:21.932+00
2cb57193-69c2-466c-b085-d7405114fedc,6ea9375b-d599-463f-96e6-c87d9209e9b2,8,7/1,2026-07-01 18:21:56.547+00
2d501a76-2f1e-4670-9095-283ea4fc015f,ee8ecff9-d0b1-4aa8-ab21-da08a6c9229a,85,84/1,2026-04-10 09:36:20.58+00
2e14faae-6272-4a27-9a9b-abff427bec46,cba2c884-3603-4b90-976e-49389b04f562,11,10/1,2026-06-29 23:44:55.782+00
2fa8033b-a485-4809-8fbd-ec9f3ae1fdca,a681c714-630a-487f-b167-9cefea486591,501,500/1,2026-06-28 08:32:12.813+00
30e1fc34-84fe-4e4d-9abe-2e07f5bcbd50,20e98c7a-4548-44f8-964d-7aba42ae7624,15,14/1,2026-07-08 21:00:16.181+00
30e759f9-ce89-48dc-833c-6f88a8e15229,8cccecd8-b1ab-4159-bf35-29ef0db369c4,101,100/1,2026-06-22 13:54:32.611+00
30fcffa2-6bd7-4020-aca2-1913fbd2d66e,cffa413c-8c76-45a6-843e-87c34e78e45a,15,14/1,2026-06-17 22:37:07.909+00
30fe83d7-e8a7-484c-9d0b-de2bb2bcbcc7,ee8ecff9-d0b1-4aa8-ab21-da08a6c9229a,81,80/1,2026-06-18 12:42:27.657+00
319c8108-2385-435d-8a83-d373000ca054,a760ffb3-5775-4d7d-b803-cf0087525d91,1000,999/1,2026-04-10 09:36:20.58+00
31d046c7-19a5-420d-b37a-595405a592ad,95b1e39e-97c3-4d45-9714-3f507d7c52f1,11,10/1,2026-04-14 03:43:23.059+00
3246b5a9-a756-4774-b2fe-ba58ba79fd45,f99d6725-238c-4d95-8502-9d25b4a6e89e,501,500/1,2026-05-22 13:11:30.343+00
32eedc44-ef87-411a-9191-7897ea9b5d1c,cd984ce3-2f2c-41d5-a7ba-137060caf8ae,351,350/1,2026-06-24 16:55:52.433+00
331ed2b8-7413-4476-b3c2-a13095aac569,61d8b501-96d1-4043-a2b7-de27e9b137d7,550,549/1,2026-04-21 12:08:49.475+00
341d1e69-e3d9-481d-b3e2-597ec82260b4,ddd77a2f-eb9f-4a20-8ae4-e1ca55c21893,201,200/1,2026-07-03 21:35:10.023+00
34563d61-c5a7-4051-b653-cf72e2eba852,95b1e39e-97c3-4d45-9714-3f507d7c52f1,9,8/1,2026-06-17 06:15:57.424+00
345ced21-659c-409a-9dd5-1b4efb0dd630,666ba168-4d8b-4060-8e4b-e1dd7b2a7503,2501,2500/1,2026-06-22 13:54:32.611+00
34ccf3e0-0d5a-4dd1-8392-e731db825566,20160ec3-c507-4fb3-b19d-89cb66c59a98,251,250/1,2026-06-23 11:50:21.932+00
351802b8-8662-43f8-90e1-462735a050cc,95b1e39e-97c3-4d45-9714-3f507d7c52f1,10,9/1,2026-05-22 13:11:30.343+00
3519651f-644b-42f3-8383-dcd9466e3f84,666ba168-4d8b-4060-8e4b-e1dd7b2a7503,2501,2500/1,2026-06-18 12:42:27.657+00
3536522f-d9d1-422c-9cc7-1cf0b75dd829,20160ec3-c507-4fb3-b19d-89cb66c59a98,390,389/1,2026-04-10 09:36:20.58+00
35d09582-c8fa-4d71-bda6-98f73bee5266,c8e5c035-af92-4497-b96c-82f2c0a15214,251,250/1,2026-06-23 11:50:21.932+00
35e4e804-8d0b-4467-967d-73cf394eda6b,e171e736-56f2-44fa-92b5-b0653ea2ce2a,51,50/1,2026-06-23 11:50:21.932+00
3686d658-7af2-4027-9b1f-308ccfaa840c,f2c7a0c3-9a4c-4e3f-92a3-39abff0ce8e2,13,12/1,2026-07-14 20:25:42.493+00
37837821-8b44-4473-a9d5-1a5b6f486843,cd984ce3-2f2c-41d5-a7ba-137060caf8ae,126,125/1,2026-06-26 15:52:43.271+00
37b92202-477d-42fb-b5e1-ba42daf87ddf,cba2c884-3603-4b90-976e-49389b04f562,13,12/1,2026-06-22 13:54:32.611+00
3813833b-6bf4-4471-9ef6-1ef46957f176,6ea9375b-d599-463f-96e6-c87d9209e9b2,6.6,28/5,2026-04-24 21:33:21.013+00
383126a4-a919-41f6-9162-dbb6ae6b44be,20160ec3-c507-4fb3-b19d-89cb66c59a98,410,409/1,2026-04-14 03:43:23.059+00
392264fb-2630-4d97-99be-041c39e8244e,cd984ce3-2f2c-41d5-a7ba-137060caf8ae,101,100/1,2026-05-22 13:11:30.343+00
39bed17a-c517-4c30-a042-301e1cab03c6,622bb3ef-bc6e-4c9a-9efe-aae4d0f95822,1001,1000/1,2026-06-22 13:54:32.611+00
3a18fe60-8808-45bf-9167-1021262f2511,8682004e-e186-4705-aa29-9704b2815dc4,41,40/1,2026-06-15 21:01:48.345+00
3aa9a05b-1bfe-4e5a-9803-891b5e0bd103,66a8014f-0009-400e-928c-6b28cb8dab1f,50,49/1,2026-04-10 09:36:20.58+00
3ad323a1-e2d3-43a7-bafb-064aabb8c9d8,a681c714-630a-487f-b167-9cefea486591,751,750/1,2026-05-22 13:11:30.343+00
3b32ceaa-094a-4b91-b5f3-5d1466587c5e,95b1e39e-97c3-4d45-9714-3f507d7c52f1,5,4/1,2026-07-04 17:05:34.989+00
3b9c081b-a1d4-4588-a487-d3d2e45281c7,a760ffb3-5775-4d7d-b803-cf0087525d91,1001,1000/1,2026-05-22 13:11:30.343+00
3dd22497-57f5-4ed7-8592-be8eae6a3b96,910a4a31-591d-4c32-8b57-b0d0bbde5a26,120,119/1,2026-04-10 09:36:20.58+00
3e006338-da66-4674-a313-0b8108491af6,20e98c7a-4548-44f8-964d-7aba42ae7624,36,35/1,2026-04-10 09:36:20.58+00
3ec7d3be-1960-43bc-a152-b6169d02a974,ee8ecff9-d0b1-4aa8-ab21-da08a6c9229a,67,66/1,2026-05-22 13:11:30.343+00
3ef0f0aa-98de-49be-8af4-b4e6c05a0d57,6527ec07-bc6b-4b53-8bff-90b6f622aece,34,33/1,2026-06-22 13:54:32.611+00
3fd5a0b8-42da-47ae-9891-0d5aac0a2572,cba2c884-3603-4b90-976e-49389b04f562,10,9/1,2026-06-11 12:52:58.271+00
40672b0b-06b8-4884-8b54-714843f87746,1b2fe4cc-3105-4e0b-b1ff-06f91c466ef7,8.4,37/5,2026-04-10 09:59:13.764+00
41c5007e-e491-439e-8b1c-d8cd7c99422e,f27875c8-4818-4323-8d45-333b7f82cf57,2001,2000/1,2026-06-22 13:54:32.611+00
41c6b740-1106-4934-983a-08689bef8586,95b1e39e-97c3-4d45-9714-3f507d7c52f1,4.5,7/2,2026-07-14 20:25:42.493+00
423f9b5c-184b-4995-b55e-de59f7e67399,6ea9375b-d599-463f-96e6-c87d9209e9b2,7.5,13/2,2026-06-28 12:48:00.061+00
42c62fee-6443-4676-ad8e-56da2293209d,87881cf2-7a14-4afa-9912-0ef5b2672387,130,129/1,2026-04-10 09:36:20.58+00
42fdf3fe-66c7-4058-8c03-a9b6db0b71ed,fcc03c57-8857-4986-98b0-0e30fb42ab2a,65,64/1,2026-04-14 03:43:23.059+00
4314c7e2-6074-46e7-b784-8f861a18bbdd,fcc03c57-8857-4986-98b0-0e30fb42ab2a,41,40/1,2026-06-17 06:15:57.424+00
43165a5f-33e9-414c-913e-dfd3b1559946,acfbd82a-7005-41b9-9613-606ceefc857e,110,109/1,2026-04-10 09:36:20.58+00
436f7dc3-30a1-49b6-915a-6605da72a9a4,910a4a31-591d-4c32-8b57-b0d0bbde5a26,130,129/1,2026-04-24 21:33:21.013+00
437ad91c-6f60-41bc-893c-5c5aaf6c1a01,52f066d8-0a7a-42c5-8a6b-103ec4ba2c91,240,239/1,2026-04-24 21:33:21.013+00
43976d0f-aa4a-4160-931d-a4a1e24b12ba,cba2c884-3603-4b90-976e-49389b04f562,10,9/1,2026-04-24 21:33:21.013+00
43ed81da-cd9d-4fc8-a388-6ad225e19d27,54ef8b7c-5afd-4a48-a3b9-d6701dd757f9,201,200/1,2026-06-29 23:44:55.782+00
442cf460-e8c8-49c4-ae1a-c12b6ca91a08,151a98cf-99e8-4e7a-ab57-396a13db4a72,126,125/1,2026-06-18 12:42:27.657+00
4472004a-11fb-4f92-ae9b-34318f3e87dd,7f560d60-00fc-46e1-b81b-4e7234b7cb04,1001,1000/1,2026-06-12 16:38:05.893+00
456a4192-6244-4297-936b-77a01653c53e,eaca3063-d90c-4007-b3d8-ba829b3ee14e,11,10/1,2026-05-29 15:07:51.126+00
45cb7136-9a76-446c-9cc5-6afc74b4eed8,7f560d60-00fc-46e1-b81b-4e7234b7cb04,1000,999/1,2026-04-10 09:36:20.58+00
4673f785-559c-4558-9a50-c98eaefdb72e,f27875c8-4818-4323-8d45-333b7f82cf57,1001,1000/1,2026-05-22 13:11:30.343+00
467e69a0-959a-4312-808d-719ae1837703,8cccecd8-b1ab-4159-bf35-29ef0db369c4,110,109/1,2026-04-10 09:36:20.58+00
479fe14a-a473-4d89-b7c3-9e12c5ae3e7d,eaca3063-d90c-4007-b3d8-ba829b3ee14e,13,12/1,2026-06-29 23:44:55.782+00
48bfeb02-60c1-4d1f-bb04-f12e1cd8f3ce,f959649f-d7be-48e3-9129-58e7fc519606,501,500/1,2026-05-22 13:11:30.343+00
4924b20b-b2d6-4c1a-b095-9701ed3b4509,eaca3063-d90c-4007-b3d8-ba829b3ee14e,12,11/1,2026-07-03 07:33:33.777+00
493806f8-19b0-4a73-8843-268b713273d0,87881cf2-7a14-4afa-9912-0ef5b2672387,81,80/1,2026-05-22 13:11:30.343+00
4b70a2ab-2e8b-4a9f-80e3-a69306e1cd59,1b2fe4cc-3105-4e0b-b1ff-06f91c466ef7,7.5,13/2,2026-06-29 23:44:55.782+00
4b77fe4f-a187-4833-aec9-2d7f874a538d,8682004e-e186-4705-aa29-9704b2815dc4,51,50/1,2026-06-15 20:39:34.157+00
4cac9b06-9e87-4618-8f3e-cc8102fd76a5,ddd77a2f-eb9f-4a20-8ae4-e1ca55c21893,301,300/1,2026-05-22 13:11:30.343+00
4db6e928-7d34-4de3-8a51-afcf1b71d82b,f2c7a0c3-9a4c-4e3f-92a3-39abff0ce8e2,5.5,9/2,2026-05-22 13:11:30.343+00
4ece6ef7-bafc-490d-9fa9-7ec13a41e07b,2044181c-c7e7-4759-8101-4779166812e3,21,20/1,2026-06-17 06:15:57.424+00
4f3089ad-e852-4366-80ed-dfa4104ad758,2044181c-c7e7-4759-8101-4779166812e3,29,28/1,2026-04-10 13:22:25.562+00
4f9727b5-4d34-482d-967b-e1c879cc3954,95b1e39e-97c3-4d45-9714-3f507d7c52f1,5,4/1,2026-07-12 08:29:35.443+00
5061108a-d13f-472a-ba08-f71d833d6b18,b6afbe52-5067-4263-a750-6101f6efedc0,630,629/1,2026-04-21 12:08:49.475+00
5108702c-cadb-4bbd-a331-0c7e5de1d40c,fcc03c57-8857-4986-98b0-0e30fb42ab2a,29,28/1,2026-07-04 17:05:34.989+00
51e77eec-fed9-423f-8b44-45821fcf321e,e176dd2c-4446-4811-b4cc-fc28e9c2ab25,29,28/1,2026-07-01 18:21:56.547+00
5261899b-f55d-4c4b-80a2-eb74257053e0,66a8014f-0009-400e-928c-6b28cb8dab1f,51,50/1,2026-05-22 13:11:30.343+00
52d3c82d-105b-459b-9bcf-67007bbd51c9,d6209663-7a5c-4736-b346-cde299b554b2,251,250/1,2026-06-07 15:15:06.38+00
53dd3373-3262-49cf-8027-c47fdb30ed82,f959649f-d7be-48e3-9129-58e7fc519606,1000,999/1,2026-04-10 09:36:20.58+00
5417b0ca-eca0-4905-b857-d85b651a779a,c8e5c035-af92-4497-b96c-82f2c0a15214,201,200/1,2026-06-30 17:41:19.132+00
54dac4be-2fc7-4c3f-8a26-d92905478d84,910a4a31-591d-4c32-8b57-b0d0bbde5a26,67,66/1,2026-05-22 13:11:30.343+00
5584e59e-37be-4cb7-a6c8-261293a28a13,b6afbe52-5067-4263-a750-6101f6efedc0,301,300/1,2026-05-22 13:11:30.343+00
563f127b-9b94-4447-87de-17e1044515d0,66a8014f-0009-400e-928c-6b28cb8dab1f,50,49/1,2026-04-21 12:08:49.475+00
564e6e57-598f-4694-83bd-1781aac6e9eb,e171e736-56f2-44fa-92b5-b0653ea2ce2a,46,45/1,2026-04-10 09:36:20.58+00
57077553-925b-4e64-b94c-ea3eeb332e31,b6afbe52-5067-4263-a750-6101f6efedc0,501,500/1,2026-06-22 13:54:32.611+00
577c2aed-168f-478b-96fa-0b05fd772455,20e98c7a-4548-44f8-964d-7aba42ae7624,38,37/1,2026-04-21 12:08:49.475+00
5783e717-1122-4809-aaea-144efe5d28a2,e171e736-56f2-44fa-92b5-b0653ea2ce2a,34,33/1,2026-05-22 13:11:30.343+00
582b424a-b838-4e01-b849-b8b8481804d5,b6afbe52-5067-4263-a750-6101f6efedc0,520,519/1,2026-04-10 09:36:20.58+00
59512026-208e-486d-bd6f-a8949c20d6d2,20e98c7a-4548-44f8-964d-7aba42ae7624,40,39/1,2026-04-14 03:43:23.059+00
5a167302-a02b-40fb-ab51-c616eb52e2f5,910a4a31-591d-4c32-8b57-b0d0bbde5a26,201,200/1,2026-06-24 16:55:52.433+00
5a39fb1d-cf13-4ccd-bf39-ad296d43dea5,1270b02b-ff92-4068-a52e-ae90bcae805b,501,500/1,2026-06-29 23:44:55.782+00
5a595762-73cc-4290-ad08-c46877ee4521,eaca3063-d90c-4007-b3d8-ba829b3ee14e,11,10/1,2026-06-24 06:19:29.232+00
5a9e8ba9-2784-4057-b09c-4937f7febbae,8682004e-e186-4705-aa29-9704b2815dc4,34,33/1,2026-07-07 18:08:32.103+00
5b5cfe5b-1f53-4a96-a1e2-1ba680350526,b6afbe52-5067-4263-a750-6101f6efedc0,351,350/1,2026-06-29 23:44:55.782+00
5ca89afd-ee00-4387-a792-17f7f0ea8eba,87881cf2-7a14-4afa-9912-0ef5b2672387,140,139/1,2026-04-21 12:08:49.475+00
5eb2704b-22bc-470d-b1d5-ca6b2bc8d7c9,4f0f3776-f99f-4c06-9eb4-0acd2825d8c2,201,200/1,2026-07-01 18:21:56.547+00
5f96c338-14a9-485f-b777-2aacc0d7cd81,eaca3063-d90c-4007-b3d8-ba829b3ee14e,11,10/1,2026-06-18 12:42:27.657+00
60690b33-4160-4ea9-b5af-b6d643a648f0,622bb3ef-bc6e-4c9a-9efe-aae4d0f95822,751,750/1,2026-06-18 12:42:27.657+00
616077d1-6914-4c14-bc1f-8280a9b17fb9,1b2fe4cc-3105-4e0b-b1ff-06f91c466ef7,4,3/1,2026-07-12 00:11:35.213+00
61fa4ed2-9306-446e-a338-6c7d9df1adaa,1270b02b-ff92-4068-a52e-ae90bcae805b,1000,999/1,2026-04-10 09:36:20.58+00
624f50f4-d975-4cdb-96a2-4324cae290c4,4f0f3776-f99f-4c06-9eb4-0acd2825d8c2,101,100/1,2026-06-29 11:00:02.429+00
624fcbb2-70bd-48a6-b31a-21de0d30785f,e176dd2c-4446-4811-b4cc-fc28e9c2ab25,51,50/1,2026-06-22 13:54:32.611+00
6268000b-5d86-48e1-83e4-a4d29dd73634,8682004e-e186-4705-aa29-9704b2815dc4,29,28/1,2026-06-07 15:15:06.38+00
62e86926-d911-48e3-9545-d07d844c6b09,6ea9375b-d599-463f-96e6-c87d9209e9b2,1.91,10/11,2026-07-14 20:25:42.493+00
636ffc41-3f4a-4c6f-aaa1-9a4797a40e7b,eaca3063-d90c-4007-b3d8-ba829b3ee14e,21,20/1,2026-07-03 00:29:22.121+00
63744e74-5867-4f75-9f29-2ba8e74354d8,4f0f3776-f99f-4c06-9eb4-0acd2825d8c2,126,125/1,2026-06-23 11:50:21.932+00
6492bbb3-23e8-4c4d-8600-121b113c669a,4f0f3776-f99f-4c06-9eb4-0acd2825d8c2,201,200/1,2026-06-24 16:55:52.433+00
6895f003-9655-4caa-82f2-dc5b1e6fcbe9,f99d6725-238c-4d95-8502-9d25b4a6e89e,201,200/1,2026-06-22 13:54:32.611+00
68e6bfd3-dbdf-44c3-a51f-24aa79304469,4976e7fd-9b45-4cc7-b741-fe801fcee2d0,490,489/1,2026-04-24 21:33:21.013+00
69da8bcc-3354-4f90-8360-eb24f7dd98bb,eaca3063-d90c-4007-b3d8-ba829b3ee14e,13,12/1,2026-06-23 11:50:21.932+00
6a420d32-92f1-426a-88f7-ebd6855f506d,ddd77a2f-eb9f-4a20-8ae4-e1ca55c21893,201,200/1,2026-06-15 20:39:34.157+00
6a7b2180-0b66-447c-9119-7921bdde14f7,4f0f3776-f99f-4c06-9eb4-0acd2825d8c2,126,125/1,2026-06-14 18:43:53.623+00
6b5dc290-96fd-44af-8bdf-3128c77e7322,52eaa3b4-081b-4393-b291-d69c644c612e,351,350/1,2026-07-01 18:21:56.547+00
6be8e87c-9c6a-4671-a8ed-c2a9f9cb25a9,f2c7a0c3-9a4c-4e3f-92a3-39abff0ce8e2,2.88,15/8,2026-07-01 18:21:56.547+00
6d52e60b-d87e-494c-a3fa-cb7f9efe8689,6527ec07-bc6b-4b53-8bff-90b6f622aece,34,33/1,2026-06-29 23:44:55.782+00
6f1d705a-f731-49ad-aec1-fcaefef96a89,fcc03c57-8857-4986-98b0-0e30fb42ab2a,23,22/1,2026-07-05 12:22:50.646+00
70fe22bb-6fe5-413b-95f1-953fe6e82f5a,acfbd82a-7005-41b9-9613-606ceefc857e,41,40/1,2026-07-11 10:23:08.702+00
71c3fe9e-67a8-40b3-ab7f-50cb57ac1ca7,95b1e39e-97c3-4d45-9714-3f507d7c52f1,5,4/1,2026-06-28 08:32:12.813+00
71e8b3c4-6e33-40c6-9515-cbf91beedca0,8682004e-e186-4705-aa29-9704b2815dc4,34,33/1,2026-07-02 20:58:38.911+00
7268c5a4-1746-4a93-8f1e-f77a99c902c1,622bb3ef-bc6e-4c9a-9efe-aae4d0f95822,501,500/1,2026-06-16 08:30:52.372+00
73342b36-a54b-4a38-a74d-a7730b6c9899,1b2fe4cc-3105-4e0b-b1ff-06f91c466ef7,6,5/1,2026-07-07 18:08:32.103+00
7352ad62-e0b6-4312-9ff6-743b8dcda6e3,b6afbe52-5067-4263-a750-6101f6efedc0,650,649/1,2026-04-24 21:33:21.013+00
73e1f1ef-faff-4358-842a-743ad7d75fef,a1cbc3f2-826a-4c04-803b-b5c2930d3c42,770,769/1,2026-04-10 09:36:20.58+00
741836eb-b2db-4e3c-9837-51dc1130223b,cd984ce3-2f2c-41d5-a7ba-137060caf8ae,151,150/1,2026-06-15 20:39:34.157+00
7462930f-adc1-407c-b2ed-b6c0a542e20d,f99d6725-238c-4d95-8502-9d25b4a6e89e,560,559/1,2026-04-14 03:43:23.059+00
7487dc1b-52e0-418c-bf59-eb236cea1d88,8682004e-e186-4705-aa29-9704b2815dc4,51,50/1,2026-06-29 23:44:55.782+00
7490c4b7-1aa0-40a0-be07-dc24ee5abbc8,8682004e-e186-4705-aa29-9704b2815dc4,51,50/1,2026-06-22 13:54:32.611+00
749d8488-445f-42cc-87bb-fde0bc1aa505,20e98c7a-4548-44f8-964d-7aba42ae7624,29,28/1,2026-06-23 11:50:21.932+00
7545a9b9-a937-460a-9de3-5c3e14871ec5,6ea9375b-d599-463f-96e6-c87d9209e9b2,7,6/1,2026-07-02 20:58:38.911+00
75625b07-96e4-4046-8335-e24803f16190,1270b02b-ff92-4068-a52e-ae90bcae805b,1001,1000/1,2026-05-22 13:11:30.343+00
75c2cf7b-f623-4f66-a41a-7c9ed13e2728,f2c7a0c3-9a4c-4e3f-92a3-39abff0ce8e2,4.5,7/2,2026-06-27 05:44:45.991+00
762a1a26-2c92-4e29-a44c-0c1b729ae07d,8d109cbf-133f-496a-b5b7-3f75a0ec1dcd,1000,999/1,2026-04-10 09:36:20.58+00
77ce5b68-0bca-429e-a467-28666c62f76c,cba2c884-3603-4b90-976e-49389b04f562,12,11/1,2026-07-01 18:21:56.547+00
78231dad-e533-473b-ae15-7ac3711ff185,e171e736-56f2-44fa-92b5-b0653ea2ce2a,51,50/1,2026-06-24 16:55:52.433+00
78b6f07e-f7cd-4179-ae82-6a1accf8eab4,1b2fe4cc-3105-4e0b-b1ff-06f91c466ef7,3.75,11/4,2026-07-14 20:25:42.493+00
78eb725c-6b73-41d8-bcbb-f12124aa35f9,ee8ecff9-d0b1-4aa8-ab21-da08a6c9229a,201,200/1,2026-06-23 11:50:21.932+00
79542e26-eec2-4ace-b689-9f403b00cf9d,52eaa3b4-081b-4393-b291-d69c644c612e,126,125/1,2026-06-22 13:54:32.611+00
7ab00933-9d53-4e13-8fab-085696ac248b,9507020f-6157-4043-ae5b-72ca12dea41e,1001,1000/1,2026-06-19 10:53:20.378+00
7b1fd7b0-6136-45b5-bf73-daf49a5714c8,20160ec3-c507-4fb3-b19d-89cb66c59a98,401,400/1,2026-06-26 10:34:54.912+00
7c42aed3-0c31-42e9-9f94-acb38e65806d,20160ec3-c507-4fb3-b19d-89cb66c59a98,430,429/1,2026-04-24 21:33:21.013+00
7d2781e1-3a5c-4c79-9f8e-316b79edd71c,52f066d8-0a7a-42c5-8a6b-103ec4ba2c91,250,249/1,2026-04-21 12:08:49.475+00
7d64e333-1c12-4f6f-963d-bb642365872b,6ea9375b-d599-463f-96e6-c87d9209e9b2,4.5,7/2,2026-07-07 18:08:32.103+00
7dad6a6e-73bb-42f4-83a7-48b7fb41dfe4,54ef8b7c-5afd-4a48-a3b9-d6701dd757f9,360,359/1,2026-04-10 09:36:20.58+00
7ebee295-1d5a-4dcf-ac24-c7aad0e947c4,8d109cbf-133f-496a-b5b7-3f75a0ec1dcd,1001,1000/1,2026-05-22 13:11:30.343+00
7eebce43-1e92-4fd0-b0ec-271597db46a1,95b1e39e-97c3-4d45-9714-3f507d7c52f1,7,6/1,2026-06-26 10:34:54.912+00
7f69c4d1-29f8-4cec-b37d-dd17aa43ecd2,9507020f-6157-4043-ae5b-72ca12dea41e,1501,1500/1,2026-06-14 18:43:53.623+00
7fb850ab-2a0a-4738-9965-1c26c07bc54c,66a8014f-0009-400e-928c-6b28cb8dab1f,41,40/1,2026-06-15 20:39:34.157+00
7fc7bd05-1ab6-4e46-ac31-26ed3b2f851e,f959649f-d7be-48e3-9129-58e7fc519606,920,919/1,2026-04-24 21:33:21.013+00
800a04a4-7aee-4a92-b9ed-23253a55448d,7f560d60-00fc-46e1-b81b-4e7234b7cb04,2001,2000/1,2026-05-22 13:11:30.343+00
8029b132-1c29-4749-9c91-ff25439ba77a,4f0f3776-f99f-4c06-9eb4-0acd2825d8c2,240,239/1,2026-04-21 12:08:49.475+00
81e3c6fb-fbfc-47c5-9f82-da14f9fa4eb0,1b2fe4cc-3105-4e0b-b1ff-06f91c466ef7,7,6/1,2026-05-22 13:11:30.343+00
82071fad-2c96-4f33-a29d-102cc24e5b12,fcc03c57-8857-4986-98b0-0e30fb42ab2a,34,33/1,2026-07-07 18:08:32.103+00
82216cab-755c-4d3d-8a66-e70ee31818e1,95b1e39e-97c3-4d45-9714-3f507d7c52f1,7.5,13/2,2026-06-23 11:50:21.932+00
83cc9e2e-e25e-4e10-b4c3-300b3e76523f,cba2c884-3603-4b90-976e-49389b04f562,11,10/1,2026-06-14 18:43:53.623+00
8405077d-0fea-4ea6-a4c1-e9a42740103b,cd984ce3-2f2c-41d5-a7ba-137060caf8ae,251,250/1,2026-06-22 13:54:32.611+00
8427faa6-3640-4656-b8da-d1eb24fbcbad,8cccecd8-b1ab-4159-bf35-29ef0db369c4,67,66/1,2026-07-03 00:29:22.121+00
84f56371-248c-4229-a5a0-8df34752488c,95b1e39e-97c3-4d45-9714-3f507d7c52f1,5,4/1,2026-07-08 21:00:16.181+00
86130eee-5d43-48ec-b51c-31f62a978826,e176dd2c-4446-4811-b4cc-fc28e9c2ab25,51,50/1,2026-06-11 12:52:58.271+00
862e543c-5dda-4b07-820e-a5bb71f7ed32,95b1e39e-97c3-4d45-9714-3f507d7c52f1,5.5,9/2,2026-07-05 12:22:50.646+00
883b0ec2-378d-4b15-acec-b0820e1df411,cffa413c-8c76-45a6-843e-87c34e78e45a,15,14/1,2026-05-22 13:11:30.343+00
88409804-536c-461f-8716-f68e4e4dfc9c,4f0f3776-f99f-4c06-9eb4-0acd2825d8c2,126,125/1,2026-06-29 23:44:55.782+00
88658126-174a-4ce1-9d13-be6c02a2754c,4f0f3776-f99f-4c06-9eb4-0acd2825d8c2,151,150/1,2026-05-22 13:11:30.343+00
88ca2aec-3d16-4859-b3f9-2e33d802947c,c8e5c035-af92-4497-b96c-82f2c0a15214,300,299/1,2026-04-24 21:33:21.013+00
891caabf-9918-4cbe-b109-239b4268b65a,f959649f-d7be-48e3-9129-58e7fc519606,501,500/1,2026-06-27 05:44:45.991+00
893f395b-76bf-4661-9f11-ab2db05e6bce,6527ec07-bc6b-4b53-8bff-90b6f622aece,75,74/1,2026-04-24 21:33:21.013+00
89b5b4e0-b065-4d96-a20a-b44d7bf57188,fcc03c57-8857-4986-98b0-0e30fb42ab2a,34,33/1,2026-06-14 18:43:53.623+00
8a26f88f-5aa2-44f8-b0e7-d466f455d537,f959649f-d7be-48e3-9129-58e7fc519606,751,750/1,2026-06-23 11:50:21.932+00
8a4d76e8-a495-4671-9565-e328c4043fc7,f2c7a0c3-9a4c-4e3f-92a3-39abff0ce8e2,2.88,15/8,2026-07-07 18:08:32.103+00
8ab5e93d-ccf0-457b-9f7e-a9067ca89c42,20160ec3-c507-4fb3-b19d-89cb66c59a98,351,350/1,2026-06-22 13:54:32.611+00
8ad97abb-219b-4863-8ea5-19560f62e0a7,52eaa3b4-081b-4393-b291-d69c644c612e,251,250/1,2026-06-29 23:44:55.782+00
8b34a4ca-9616-4471-bfbb-f7b7cef564b8,acfbd82a-7005-41b9-9613-606ceefc857e,51,50/1,2026-05-22 13:11:30.343+00
8bb87a32-5546-450a-b29e-5f10c49b7035,fcc03c57-8857-4986-98b0-0e30fb42ab2a,41,40/1,2026-06-26 10:34:54.912+00
8c38144a-962f-456d-92eb-a2cd849d55c3,600575e1-d737-452a-abec-c6e22da92787,3501,3500/1,2026-06-22 13:54:32.611+00
8c3b3637-2b87-4d39-bb7b-753b0399cde0,acfbd82a-7005-41b9-9613-606ceefc857e,41,40/1,2026-07-03 07:33:33.777+00
8c476873-ca91-4a37-98df-8e7b8115c989,cba2c884-3603-4b90-976e-49389b04f562,10.5,19/2,2026-04-21 12:08:49.475+00
8d52c815-d138-47b0-ae9d-f652d62cb9af,f99d6725-238c-4d95-8502-9d25b4a6e89e,201,200/1,2026-06-26 10:34:54.912+00
8e863289-2b15-4263-b19e-24eea2cc6a31,6ea9375b-d599-463f-96e6-c87d9209e9b2,7,6/1,2026-07-06 08:08:35.776+00
8f2daecc-37f9-4993-8290-cf39781c9c43,61d8b501-96d1-4043-a2b7-de27e9b137d7,510,509/1,2026-04-10 09:36:20.58+00
8fa5970f-bbef-424e-90c4-6bf4a8f271c4,666ba168-4d8b-4060-8e4b-e1dd7b2a7503,2001,2000/1,2026-05-22 13:11:30.343+00
901ecaa4-e208-44b4-8329-9192d6331ab5,6ea9375b-d599-463f-96e6-c87d9209e9b2,6,5/1,2026-04-10 09:36:20.58+00
90bdebfc-3851-4422-a60d-89555a9e45a2,6527ec07-bc6b-4b53-8bff-90b6f622aece,29,28/1,2026-06-26 10:34:54.912+00
9125c016-a4eb-447d-a7d1-49681b0c8444,1b2fe4cc-3105-4e0b-b1ff-06f91c466ef7,10,9/1,2026-07-03 21:35:10.023+00
91b55a24-7f5f-4317-b334-959bab656553,2044181c-c7e7-4759-8101-4779166812e3,29,28/1,2026-04-21 12:08:49.475+00
9243f1ce-b769-4f61-b6ab-a00aa51a468f,e176dd2c-4446-4811-b4cc-fc28e9c2ab25,41,40/1,2026-06-19 10:53:20.378+00
9397ad97-f629-4ccd-842b-f910907fb751,2044181c-c7e7-4759-8101-4779166812e3,21,20/1,2026-06-18 12:42:27.657+00
93ac6896-8b88-4de5-9ed0-b9469d00b358,cba2c884-3603-4b90-976e-49389b04f562,13,12/1,2026-06-26 10:34:54.912+00
9466ec4d-e74d-4b02-91dc-2065755fa836,52eaa3b4-081b-4393-b291-d69c644c612e,180,179/1,2026-04-10 09:36:20.58+00
94799a22-799d-4566-8e00-f1d52797820c,8cccecd8-b1ab-4159-bf35-29ef0db369c4,201,200/1,2026-07-01 18:21:56.547+00
94c3ff85-3f2a-46e4-a7d7-65a3b3863ad3,f99d6725-238c-4d95-8502-9d25b4a6e89e,401,400/1,2026-06-11 12:52:58.271+00
9588d24a-f5c7-473b-9fe8-fb31e595a2f4,52f066d8-0a7a-42c5-8a6b-103ec4ba2c91,751,750/1,2026-06-26 10:34:54.912+00
96040f4c-ac7c-4e05-af2b-28d1b0b72960,fcc03c57-8857-4986-98b0-0e30fb42ab2a,34,33/1,2026-06-18 12:42:27.657+00
96840f15-b2db-4d6f-bc54-1aa7b8bef459,1b2fe4cc-3105-4e0b-b1ff-06f91c466ef7,8.6,38/5,2026-04-14 03:43:23.059+00
97147321-8e04-4ca8-bdbb-bdee36f75778,9507020f-6157-4043-ae5b-72ca12dea41e,1000,999/1,2026-04-10 09:36:20.58+00
97aaa01e-fc1f-495d-a296-bfe09b4d4bd7,cffa413c-8c76-45a6-843e-87c34e78e45a,18.5,35/2,2026-04-24 21:33:21.013+00
98634755-8a52-4d16-b35c-54dc3ed37d2f,4f0f3776-f99f-4c06-9eb4-0acd2825d8c2,151,150/1,2026-06-26 10:34:54.912+00
9a0d95ba-fe28-413e-9506-5346936e63af,8d109cbf-133f-496a-b5b7-3f75a0ec1dcd,1501,1500/1,2026-06-18 12:42:27.657+00
9ae0b4d4-10ac-406b-9098-7ae49bb9b25c,8682004e-e186-4705-aa29-9704b2815dc4,34,33/1,2026-05-22 13:11:30.343+00
9ae3df71-63a2-4e05-bf25-df74304e217c,1b2fe4cc-3105-4e0b-b1ff-06f91c466ef7,6.5,11/2,2026-07-06 08:08:35.776+00
9b46ff14-bb39-4337-921c-12755ecf357c,c8e5c035-af92-4497-b96c-82f2c0a15214,151,150/1,2026-05-22 13:11:30.343+00
9bf6e5fe-6a86-48cd-90ed-3d68b68f14a7,eaca3063-d90c-4007-b3d8-ba829b3ee14e,9,8/1,2026-06-07 15:15:06.38+00
9cc2592a-6af2-4945-be86-ff1c49dc1f73,2044181c-c7e7-4759-8101-4779166812e3,19,18/1,2026-06-11 12:52:58.271+00
9d66a053-e830-4db7-b8a1-399b1f9bbdfb,f2c7a0c3-9a4c-4e3f-92a3-39abff0ce8e2,3.75,11/4,2026-06-29 23:44:55.782+00
9e2f84a6-79bd-4fb4-9062-5696511adc32,4976e7fd-9b45-4cc7-b741-fe801fcee2d0,410,409/1,2026-04-14 03:43:23.059+00
9e497ac8-3d4d-4f99-87b4-395d5ea2f513,9507020f-6157-4043-ae5b-72ca12dea41e,501,500/1,2026-05-22 13:11:30.343+00
9e4c36a5-6ba1-4651-bfca-edde9592d1aa,e171e736-56f2-44fa-92b5-b0653ea2ce2a,41,40/1,2026-06-11 12:52:58.271+00
9e7032aa-3929-4fa8-9aaf-e468c84adbcd,1b2fe4cc-3105-4e0b-b1ff-06f91c466ef7,7.5,13/2,2026-06-17 06:15:57.424+00
9f28c47f-0cae-47b5-8508-3a075200a1bc,ee8ecff9-d0b1-4aa8-ab21-da08a6c9229a,151,150/1,2026-06-22 13:54:32.611+00
a04ca9bb-5cd6-45a8-b23b-1aedfcbf7162,acfbd82a-7005-41b9-9613-606ceefc857e,67,66/1,2026-06-26 10:34:54.912+00
a102a00c-715b-4b94-8937-1ba2a5670917,f2c7a0c3-9a4c-4e3f-92a3-39abff0ce8e2,6.2,26/5,2026-04-24 21:33:21.013+00
a14f3756-7a3c-4cee-a665-db4260b151af,1b2fe4cc-3105-4e0b-b1ff-06f91c466ef7,8.6,38/5,2026-04-10 09:36:20.58+00
a1a55e32-bcfa-40c7-b48e-3b0c6493e45d,20e98c7a-4548-44f8-964d-7aba42ae7624,26,25/1,2026-06-17 22:37:07.909+00
a40dd1a2-b67b-43af-9496-d258b2d54930,9507020f-6157-4043-ae5b-72ca12dea41e,1501,1500/1,2026-06-22 13:54:32.611+00
a459624e-7940-4934-b8e6-1f30f30dc6dc,f99d6725-238c-4d95-8502-9d25b4a6e89e,351,350/1,2026-06-30 17:41:19.132+00
a4b9e889-9cdf-416a-b0d2-2f2d95ef66b3,e176dd2c-4446-4811-b4cc-fc28e9c2ab25,51,50/1,2026-06-29 23:44:55.782+00
a62b0ea2-9d7e-483e-aa40-f04ee0de9df1,f99d6725-238c-4d95-8502-9d25b4a6e89e,590,589/1,2026-04-10 09:36:20.58+00
a64447fb-ed3c-4fc6-ac90-4fb01eb1cdde,4976e7fd-9b45-4cc7-b741-fe801fcee2d0,480,479/1,2026-04-21 12:08:49.475+00
a65a1408-7e9d-40c2-98ce-f2be8c12a7cc,eaca3063-d90c-4007-b3d8-ba829b3ee14e,15,14/1,2026-07-01 18:21:56.547+00
a8134231-ed08-415f-a547-0790884d604e,f99d6725-238c-4d95-8502-9d25b4a6e89e,101,100/1,2026-06-14 18:43:53.623+00
a82f13b3-9ed6-4ad3-a8ba-81e699af61c1,f2c7a0c3-9a4c-4e3f-92a3-39abff0ce8e2,5,4/1,2026-06-23 11:50:21.932+00
a90862f8-b344-46b8-8d73-a0cb5eec58ed,6527ec07-bc6b-4b53-8bff-90b6f622aece,41,40/1,2026-06-14 18:43:53.623+00
a9c03abb-391c-4501-a208-262efd0922c1,4976e7fd-9b45-4cc7-b741-fe801fcee2d0,501,500/1,2026-06-22 13:54:32.611+00
a9e61eb0-9aff-42bf-8b62-a6ce7ed00218,52f066d8-0a7a-42c5-8a6b-103ec4ba2c91,351,350/1,2026-06-24 16:55:52.433+00
aadc81a9-9efd-46a4-905e-3c6a98733015,eaca3063-d90c-4007-b3d8-ba829b3ee14e,13.5,25/2,2026-04-10 09:36:20.58+00
aaf9393d-a468-4c6a-ac98-f802b320acf6,fcc03c57-8857-4986-98b0-0e30fb42ab2a,29,28/1,2026-07-06 08:08:35.776+00
abc1b39b-22da-45e7-8c41-853ab32f75f3,1b2fe4cc-3105-4e0b-b1ff-06f91c466ef7,8.8,39/5,2026-04-21 12:08:49.475+00
abc4d30e-91f3-4bd1-8822-0ff4b4806722,f2c7a0c3-9a4c-4e3f-92a3-39abff0ce8e2,2.38,11/8,2026-07-14 18:13:49.969+00
ac539c95-8566-49fe-bb6f-5a26608d4615,acfbd82a-7005-41b9-9613-606ceefc857e,81,80/1,2026-06-29 23:44:55.782+00
ac64c5f4-8351-4257-b6d2-2690c8fc7f71,1b2fe4cc-3105-4e0b-b1ff-06f91c466ef7,8,7/1,2026-07-01 18:21:56.547+00
ad5b01ce-ad91-4fa8-9f6c-2298e8b32314,6ea9375b-d599-463f-96e6-c87d9209e9b2,1.62,8/13,2026-07-15 21:09:13.201+00
ae0f2bcc-adcc-4c4a-8153-4b32a5e059f5,20e98c7a-4548-44f8-964d-7aba42ae7624,13,12/1,2026-07-06 03:33:33.871+00
b07d9f10-2fef-4e5f-83c4-5ec550774513,acfbd82a-7005-41b9-9613-606ceefc857e,67,66/1,2026-07-04 17:05:34.989+00
b0a022f2-94d4-4db8-946e-d5a88f7e2f78,1b2fe4cc-3105-4e0b-b1ff-06f91c466ef7,5.5,9/2,2026-07-08 21:00:16.181+00
b0c039c8-3ade-46ee-a6b8-d09ea394402d,f2c7a0c3-9a4c-4e3f-92a3-39abff0ce8e2,6.4,27/5,2026-04-21 12:08:49.475+00
b0c4ad8e-69b3-4b89-ba2b-fa09adacf7fb,4976e7fd-9b45-4cc7-b741-fe801fcee2d0,251,250/1,2026-06-14 18:43:53.623+00
b18daade-2bb0-4734-b6ac-4c6cba721a71,e171e736-56f2-44fa-92b5-b0653ea2ce2a,26,25/1,2026-07-04 04:01:02.526+00
b504e430-ab87-4837-a383-7f442e638415,ee8ecff9-d0b1-4aa8-ab21-da08a6c9229a,80,79/1,2026-04-14 03:43:23.059+00
b5a1ecd0-7272-4e67-940f-8d18d174b56e,4976e7fd-9b45-4cc7-b741-fe801fcee2d0,390,389/1,2026-04-10 10:24:05.118+00
b5e61b00-eea3-46e9-b714-d7cc7c09cc9b,95b1e39e-97c3-4d45-9714-3f507d7c52f1,5.5,9/2,2026-07-10 06:46:45.711+00
b6532689-741d-4e84-97c2-90d0201acd26,66a8014f-0009-400e-928c-6b28cb8dab1f,55,54/1,2026-04-14 03:43:23.059+00
b6e3169a-0948-48f4-a4ae-be4f518249e3,2044181c-c7e7-4759-8101-4779166812e3,17,16/1,2026-06-07 15:15:06.38+00
b716b359-3f4f-437e-84b2-0ccc022d5028,52eaa3b4-081b-4393-b291-d69c644c612e,200,199/1,2026-04-24 21:33:21.013+00
b7ecd4df-4033-48e8-87ad-0e699ffa45ba,e176dd2c-4446-4811-b4cc-fc28e9c2ab25,41,40/1,2026-06-26 10:34:54.912+00
b7eff444-d571-4084-beac-2771fc9d1ad5,7f560d60-00fc-46e1-b81b-4e7234b7cb04,2501,2500/1,2026-06-18 12:42:27.657+00
b8755376-7b96-4d26-b818-0b747e2fa782,f99d6725-238c-4d95-8502-9d25b4a6e89e,610,609/1,2026-04-24 21:33:21.013+00
b8e42276-c8f8-45bd-b966-e93f8b24271e,acfbd82a-7005-41b9-9613-606ceefc857e,51,50/1,2026-07-03 21:35:10.023+00
b962a935-da0b-4129-bdcc-10a02f60db65,8cccecd8-b1ab-4159-bf35-29ef0db369c4,126,125/1,2026-06-23 11:50:21.932+00
b98cb3b5-bcc0-4bcb-96c1-1200dd295916,20160ec3-c507-4fb3-b19d-89cb66c59a98,251,250/1,2026-06-12 16:38:05.893+00
ba7aa1d5-02de-4263-8cd7-c81fdc048290,6527ec07-bc6b-4b53-8bff-90b6f622aece,80,79/1,2026-04-10 10:37:04.196+00
bb50f5b3-86dd-4876-ac31-5f2a450178ce,6ea9375b-d599-463f-96e6-c87d9209e9b2,1.7,4/6,2026-07-15 06:28:38.911+00
bb56cbb1-8c3a-42df-a0da-afb2ed67ab15,6ea9375b-d599-463f-96e6-c87d9209e9b2,6.5,11/2,2026-07-05 12:22:50.646+00
bb803c8b-aebb-4487-9995-8bf9b52ce47d,f2c7a0c3-9a4c-4e3f-92a3-39abff0ce8e2,7,6/1,2026-04-14 03:43:23.059+00
bc2e1aa7-10c9-4cc0-bfe1-e32c466b04d2,4f0f3776-f99f-4c06-9eb4-0acd2825d8c2,260,259/1,2026-04-24 21:33:21.013+00
bce50378-b538-4b82-a94e-53a094ff142a,6ea9375b-d599-463f-96e6-c87d9209e9b2,7,6/1,2026-06-28 08:32:12.813+00
bd9846a3-bfcc-461b-9660-7bcbc32fb20f,acfbd82a-7005-41b9-9613-606ceefc857e,81,80/1,2026-06-18 12:42:27.657+00
bdb007cb-a94b-4cd3-8916-976ace99f704,2044181c-c7e7-4759-8101-4779166812e3,17,16/1,2026-06-29 23:44:55.782+00
be228867-4eca-41df-8327-d291c33bc47c,cffa413c-8c76-45a6-843e-87c34e78e45a,18,17/1,2026-04-10 09:36:20.58+00
be948acc-037b-45ea-b8a7-d959299071ab,e171e736-56f2-44fa-92b5-b0653ea2ce2a,34,33/1,2026-07-01 18:21:56.547+00
bf3b7bda-90e5-4d1f-92a1-21efb1e22773,d6209663-7a5c-4736-b346-cde299b554b2,501,500/1,2026-06-19 10:53:20.378+00
bf75310e-36a9-47ff-98fe-8967ff2f3c9b,95b1e39e-97c3-4d45-9714-3f507d7c52f1,10.5,19/2,2026-04-10 09:36:20.58+00
bf7d551c-1cee-46ba-b7c4-24d0f4000cd7,95b1e39e-97c3-4d45-9714-3f507d7c52f1,5.5,9/2,2026-07-04 04:01:02.526+00
bfd148d2-ba51-4fc6-a6a2-af30a7e00b5c,4f0f3776-f99f-4c06-9eb4-0acd2825d8c2,101,100/1,2026-06-19 10:53:20.378+00
c0e8fc49-ee16-4d15-866b-4b3bd47fe9e1,9507020f-6157-4043-ae5b-72ca12dea41e,501,500/1,2026-06-26 10:34:54.912+00
c15085ed-72b4-4ac5-b6e9-286c0a066e5f,acfbd82a-7005-41b9-9613-606ceefc857e,100,99/1,2026-04-21 12:08:49.475+00
c1912818-4730-4253-905a-e3f12864a906,eaca3063-d90c-4007-b3d8-ba829b3ee14e,11,10/1,2026-06-28 08:32:12.813+00
c1bf8244-60f6-4fad-9f0e-a4448cb3dadc,d6209663-7a5c-4736-b346-cde299b554b2,201,200/1,2026-05-22 13:11:30.343+00
c21a78d6-4d39-46ab-bb9d-4aaa16991c93,ddd77a2f-eb9f-4a20-8ae4-e1ca55c21893,380,379/1,2026-04-14 03:43:23.059+00
c3bf652e-2519-4051-ab96-9914c7816fee,cffa413c-8c76-45a6-843e-87c34e78e45a,13,12/1,2026-06-15 20:39:34.157+00
c486095b-7310-4d48-bff1-888eeee17fa0,e171e736-56f2-44fa-92b5-b0653ea2ce2a,50,49/1,2026-04-21 12:08:49.475+00
c4e52c95-3957-4219-b301-1fcdda8c8bff,a681c714-630a-487f-b167-9cefea486591,1000,999/1,2026-04-10 09:36:20.58+00
c5051037-018e-4e19-b01b-81925318de5b,54ef8b7c-5afd-4a48-a3b9-d6701dd757f9,330,329/1,2026-04-24 21:33:21.013+00
c5178472-cc35-4a57-8188-54ac1d784819,cba2c884-3603-4b90-976e-49389b04f562,12,11/1,2026-07-04 17:05:34.989+00
c55583b3-b8c6-4904-a527-b32110cda33a,fcc03c57-8857-4986-98b0-0e30fb42ab2a,55,54/1,2026-04-21 12:08:49.475+00
c5d42364-7262-4c36-bdb4-81956a62e9d0,61d8b501-96d1-4043-a2b7-de27e9b137d7,560,559/1,2026-04-24 21:33:21.013+00
c5d9abbe-1bbb-4292-95cc-b0b66d6f6cd2,e176dd2c-4446-4811-b4cc-fc28e9c2ab25,90,89/1,2026-04-10 09:36:20.58+00
c62a7131-058c-4185-9b71-85b6bafa6b29,eaca3063-d90c-4007-b3d8-ba829b3ee14e,9,8/1,2026-06-26 10:34:54.912+00
c6dbb8c8-c194-409b-91e4-70d44b19eeff,52f066d8-0a7a-42c5-8a6b-103ec4ba2c91,250,249/1,2026-04-10 09:36:20.58+00
c71a0977-d4d1-441c-83ac-90a6fb5dd673,6527ec07-bc6b-4b53-8bff-90b6f622aece,51,50/1,2026-05-22 13:11:30.343+00
c766b476-4c2e-4351-a249-994c719af8bf,d6209663-7a5c-4736-b346-cde299b554b2,380,379/1,2026-04-24 21:33:21.013+00
c7c4fa25-9520-4753-8668-83f21cf1f0ed,fcc03c57-8857-4986-98b0-0e30fb42ab2a,29,28/1,2026-06-22 13:54:32.611+00
c8a9f7e7-c1a7-440c-be20-3e87c6f90def,f2c7a0c3-9a4c-4e3f-92a3-39abff0ce8e2,5,4/1,2026-06-16 19:57:51.328+00
c8ca0b75-674a-4bd4-9838-bee832653daf,54ef8b7c-5afd-4a48-a3b9-d6701dd757f9,100,99/1,2026-04-14 03:43:23.059+00
c923627d-82c9-406b-8dab-4932c349786e,f2c7a0c3-9a4c-4e3f-92a3-39abff0ce8e2,4.5,7/2,2026-06-22 13:54:32.611+00
c9bf23cb-1d20-4717-8c3b-134b99b153b3,cba2c884-3603-4b90-976e-49389b04f562,11,10/1,2026-07-02 20:58:38.911+00
c9ff6e78-e559-449a-bdeb-7c621c7ce7b9,cba2c884-3603-4b90-976e-49389b04f562,12,11/1,2026-06-17 22:37:07.909+00
cabe9949-2b38-4c07-8755-3d058fc3d05c,2044181c-c7e7-4759-8101-4779166812e3,28,27/1,2026-04-10 09:36:20.58+00
cb39338b-953e-40c6-846e-a2002c2db7c5,d6209663-7a5c-4736-b346-cde299b554b2,351,350/1,2026-06-18 12:42:27.657+00
cd799a6f-b2d0-40fe-adf8-da3f989a7f5a,622bb3ef-bc6e-4c9a-9efe-aae4d0f95822,1000,999/1,2026-04-10 09:36:20.58+00
cdaa2888-7916-4ccf-8323-edbb70c4c23f,f99d6725-238c-4d95-8502-9d25b4a6e89e,600,599/1,2026-04-21 12:08:49.475+00
cdac6f6d-1da4-4793-b159-54ccfc6ee227,c8e5c035-af92-4497-b96c-82f2c0a15214,290,289/1,2026-04-10 09:36:20.58+00
cdc0e11f-2ee3-44f6-8d6f-d5315d03a983,fcc03c57-8857-4986-98b0-0e30fb42ab2a,67,66/1,2026-05-22 13:11:30.343+00
cfe5eafd-1df3-4c01-9ca5-f5bb5869e443,20160ec3-c507-4fb3-b19d-89cb66c59a98,301,300/1,2026-05-22 13:11:30.343+00
cff5544e-c44a-4878-9a48-2fec0691666d,e171e736-56f2-44fa-92b5-b0653ea2ce2a,41,40/1,2026-06-26 10:34:54.912+00
d00aa11c-52be-4a43-90c5-6a7bbf520d1d,52eaa3b4-081b-4393-b291-d69c644c612e,170,169/1,2026-04-14 03:43:23.059+00
d0b89f02-0eac-4000-af7c-955180b72d51,6ea9375b-d599-463f-96e6-c87d9209e9b2,6.5,11/2,2026-06-26 10:34:54.912+00
d2d6ceb7-6d06-44b6-a96d-e5d13b789d4a,f27875c8-4818-4323-8d45-333b7f82cf57,2501,2500/1,2026-06-23 11:50:21.932+00
d33887a5-a726-40e4-ae3f-8ede8ac1cce7,95b1e39e-97c3-4d45-9714-3f507d7c52f1,4.5,7/2,2026-07-07 23:15:11.541+00
d34790ba-f70c-4af6-aee5-45bae99dacaa,61d8b501-96d1-4043-a2b7-de27e9b137d7,351,350/1,2026-06-14 18:43:53.623+00
d391af21-a092-4d61-944e-30584a82f13c,c8e5c035-af92-4497-b96c-82f2c0a15214,351,350/1,2026-07-01 18:21:56.547+00
d5970300-5a89-4b38-8f39-778c999a189d,1b2fe4cc-3105-4e0b-b1ff-06f91c466ef7,7.5,13/2,2026-07-06 03:33:33.871+00
d5a7684f-9b3f-4523-8018-50b20cdaf5d0,1b2fe4cc-3105-4e0b-b1ff-06f91c466ef7,4,3/1,2026-07-14 18:13:49.969+00
d686862e-6b99-4a42-a352-9bd59380d3e6,95b1e39e-97c3-4d45-9714-3f507d7c52f1,2.2,6/5,2026-07-15 21:09:13.201+00
d78c44f9-780b-42d2-9059-85fc5b1fde8e,ddd77a2f-eb9f-4a20-8ae4-e1ca55c21893,251,250/1,2026-06-18 12:42:27.657+00
d7b8702d-9f09-4c1f-a312-962ce4762a7a,95b1e39e-97c3-4d45-9714-3f507d7c52f1,5,4/1,2026-07-15 06:28:38.911+00
d7c36f54-9aee-4c6a-97af-5dc94cb6f58a,2044181c-c7e7-4759-8101-4779166812e3,15,14/1,2026-06-23 11:50:21.932+00
d8c1640f-0b97-423e-a5a9-e817489347a5,cba2c884-3603-4b90-976e-49389b04f562,10,9/1,2026-04-10 09:36:20.58+00
d95d7d55-5087-4f88-aedd-abed5de52b3b,910a4a31-591d-4c32-8b57-b0d0bbde5a26,151,150/1,2026-06-22 13:54:32.611+00
db3b62dc-6fa3-4dcd-a5a5-776bce9b2656,20e98c7a-4548-44f8-964d-7aba42ae7624,29,28/1,2026-05-22 13:11:30.343+00
db523b34-5b81-413d-800b-44fe7fd2dca7,cd984ce3-2f2c-41d5-a7ba-137060caf8ae,110,109/1,2026-04-10 09:36:20.58+00
dbcf029e-8e46-4c9c-90f4-2d2017362abe,a760ffb3-5775-4d7d-b803-cf0087525d91,1001,1000/1,2026-06-18 12:42:27.657+00
dc20e82d-bf18-4919-99c3-0673ddaa6f7e,4976e7fd-9b45-4cc7-b741-fe801fcee2d0,351,350/1,2026-06-18 12:42:27.657+00
dcaa8508-1d40-4328-8ec7-d3d156572a6e,b6afbe52-5067-4263-a750-6101f6efedc0,351,350/1,2026-06-18 12:42:27.657+00
ddb3c9a5-ea85-4459-8452-149e67a3960f,acfbd82a-7005-41b9-9613-606ceefc857e,67,66/1,2026-06-16 19:57:51.328+00
de075109-4047-4f1e-bc67-ab0f6ff08880,f27875c8-4818-4323-8d45-333b7f82cf57,1000,999/1,2026-04-10 09:36:20.58+00
de3802d5-c08a-470a-a9a9-00026a6b6874,d6209663-7a5c-4736-b346-cde299b554b2,370,369/1,2026-04-10 10:24:05.118+00
de3a648b-1f7d-4f0b-a9b0-c02c5eda60f4,1b2fe4cc-3105-4e0b-b1ff-06f91c466ef7,7,6/1,2026-06-17 22:37:07.909+00
de97bc38-15fd-4b6e-ae70-e24e4292333c,c8e5c035-af92-4497-b96c-82f2c0a15214,290,289/1,2026-04-21 12:08:49.475+00
e0ea1e81-cf87-45c9-b99f-6dc0d94bbff2,fcc03c57-8857-4986-98b0-0e30fb42ab2a,26,25/1,2026-07-01 18:21:56.547+00
e10c7fb5-c1e7-4de1-a2b5-dc5a141a52b5,b6afbe52-5067-4263-a750-6101f6efedc0,501,500/1,2026-07-01 18:21:56.547+00
e145f2a4-3da9-4f27-a607-6423689376f0,6527ec07-bc6b-4b53-8bff-90b6f622aece,34,33/1,2026-07-06 08:08:35.776+00
e1f048c0-a52c-4b57-982c-cb0254080e57,fcc03c57-8857-4986-98b0-0e30fb42ab2a,51,50/1,2026-06-04 21:01:52.182+00
e22249d2-93d6-498a-95ee-6a1dc0b3d5ad,e171e736-56f2-44fa-92b5-b0653ea2ce2a,29,28/1,2026-06-29 11:00:02.429+00
e3bbb264-c2a6-422e-beee-891d9bcc7180,c8e5c035-af92-4497-b96c-82f2c0a15214,280,279/1,2026-04-14 03:43:23.059+00
e3db7283-d8fd-4d02-95a6-4942d30dc128,8682004e-e186-4705-aa29-9704b2815dc4,50,49/1,2026-04-14 03:43:23.059+00
e449ec19-5ded-409a-b86b-7e0a24f8271d,20e98c7a-4548-44f8-964d-7aba42ae7624,34,33/1,2026-06-22 13:54:32.611+00
e48c5db0-8750-4b0f-9200-be35c37690b3,ee8ecff9-d0b1-4aa8-ab21-da08a6c9229a,201,200/1,2026-06-26 10:34:54.912+00
e4edde18-53a2-4adf-87d4-a5c61c2da838,2044181c-c7e7-4759-8101-4779166812e3,28,27/1,2026-04-24 21:33:21.013+00
e5ef65c3-8223-4fa5-ba92-ee9f0b2906cf,4f0f3776-f99f-4c06-9eb4-0acd2825d8c2,310,309/1,2026-04-10 09:36:20.58+00
e639c478-1526-45bc-a792-32b52fca417e,20e98c7a-4548-44f8-964d-7aba42ae7624,34,33/1,2026-06-30 17:41:19.132+00
e6b41d92-cb39-46e9-9261-44d41e2a039d,eaca3063-d90c-4007-b3d8-ba829b3ee14e,10,9/1,2026-06-17 22:37:07.909+00
e6e0345c-c3ea-40e7-aa5a-24249cbfada2,e171e736-56f2-44fa-92b5-b0653ea2ce2a,34,33/1,2026-06-28 08:32:12.813+00
e7369de8-9dcb-49f6-936b-8df66c41d180,666ba168-4d8b-4060-8e4b-e1dd7b2a7503,1000,999/1,2026-04-10 09:36:20.58+00
e7d90f93-44f4-483b-8122-81c81c619c96,cba2c884-3603-4b90-976e-49389b04f562,13,12/1,2026-07-02 23:18:16.457+00
e8939219-e5d4-4162-abd1-27fdee8a81f2,95b1e39e-97c3-4d45-9714-3f507d7c52f1,8,7/1,2026-06-22 13:54:32.611+00
e99419f7-4517-496f-b8aa-71d24fa68b63,666ba168-4d8b-4060-8e4b-e1dd7b2a7503,1001,1000/1,2026-06-19 10:53:20.378+00
eb3a5b89-1123-4c92-ab91-067155fb8239,ee8ecff9-d0b1-4aa8-ab21-da08a6c9229a,251,250/1,2026-06-24 16:55:52.433+00
eb98389d-395c-439b-a165-d1b41f755901,a760ffb3-5775-4d7d-b803-cf0087525d91,1501,1500/1,2026-06-07 15:15:06.38+00
eb9d84ef-8dc9-44e8-8338-a9aa5ebc46f4,52eaa3b4-081b-4393-b291-d69c644c612e,190,189/1,2026-04-21 12:08:49.475+00
eccecbb6-7585-480b-8803-5ce459c88279,aa0baf4e-af82-4020-9093-715971d63105,1000,999/1,2026-04-10 09:36:20.58+00
ecd283f6-97e8-44e6-9680-d02742b92365,1270b02b-ff92-4068-a52e-ae90bcae805b,751,750/1,2026-07-01 18:21:56.547+00
ee464a70-572f-4d6a-b660-0398077036ac,6527ec07-bc6b-4b53-8bff-90b6f622aece,67,66/1,2026-06-07 15:15:06.38+00
ee4adbe1-228a-440a-845f-72d47f0cc73f,52f066d8-0a7a-42c5-8a6b-103ec4ba2c91,240,239/1,2026-04-14 03:43:23.059+00
eefe2ecb-bb98-4126-b4cb-df7ce976dcd5,6ea9375b-d599-463f-96e6-c87d9209e9b2,5.5,9/2,2026-05-22 13:11:30.343+00
f0d720ec-4e7f-4033-99cf-cd6b00f589b5,20160ec3-c507-4fb3-b19d-89cb66c59a98,351,350/1,2026-06-24 16:55:52.433+00
f0e067cd-155d-4244-8b80-0ad7e2720c63,8cccecd8-b1ab-4159-bf35-29ef0db369c4,151,150/1,2026-06-29 23:44:55.782+00
f1a3f1ce-de9e-4e78-ad1f-30ac0ba50a5e,cd984ce3-2f2c-41d5-a7ba-137060caf8ae,251,250/1,2026-06-26 10:34:54.912+00
f1f249a8-aa7c-4c9b-b2c5-1175598293f2,6ea9375b-d599-463f-96e6-c87d9209e9b2,6,5/1,2026-06-16 19:57:51.328+00
f2a9f2bc-2106-42bc-911c-1cabdc02439a,f959649f-d7be-48e3-9129-58e7fc519606,710,709/1,2026-04-21 12:08:49.475+00
f31c038e-a759-4361-b7a2-a57738b5c8a4,ef919163-49fb-4cc5-ab4e-f55d9419d806,1000,999/1,2026-04-10 09:36:20.58+00
f394b0aa-5ba2-4330-b3f3-d8d7a59f0ed1,ddd77a2f-eb9f-4a20-8ae4-e1ca55c21893,400,399/1,2026-04-10 09:36:20.58+00
f45a8360-ac76-4e81-9f36-9a3e220d8b26,fcc03c57-8857-4986-98b0-0e30fb42ab2a,21,20/1,2026-06-30 17:41:19.132+00
f4a85c37-34bc-4396-ab10-06300fbcfc13,8682004e-e186-4705-aa29-9704b2815dc4,48,47/1,2026-04-10 09:36:20.58+00
f4e9b2b2-0eba-4572-8411-370fd9b1dee8,e176dd2c-4446-4811-b4cc-fc28e9c2ab25,41,40/1,2026-06-30 17:41:19.132+00
f56bd87e-98f6-4807-ae77-00cb6bcb2eca,6ea9375b-d599-463f-96e6-c87d9209e9b2,4.33,10/3,2026-07-11 10:23:08.702+00
f66ccbe6-9b49-430c-bc93-c0c445400029,e171e736-56f2-44fa-92b5-b0653ea2ce2a,29,28/1,2026-07-02 20:58:38.911+00
f7013fd9-6b49-4ddc-a285-73c85690c5a8,c8e5c035-af92-4497-b96c-82f2c0a15214,351,350/1,2026-06-14 18:43:53.623+00
f73ebb6b-cf22-4e7a-b68a-5d444c78c3cd,54ef8b7c-5afd-4a48-a3b9-d6701dd757f9,251,250/1,2026-06-30 17:41:19.132+00
f84e987a-a3c3-494d-82e8-4e4bd587c43c,20e98c7a-4548-44f8-964d-7aba42ae7624,17,16/1,2026-07-06 08:08:35.776+00
f94aa337-169b-4255-8a6b-7bb3c829ea6f,eaca3063-d90c-4007-b3d8-ba829b3ee14e,12,11/1,2026-05-22 13:11:30.343+00
fa4aa045-460a-443e-b377-84fd4d9fc4ee,54ef8b7c-5afd-4a48-a3b9-d6701dd757f9,81,80/1,2026-05-22 13:11:30.343+00
fa4c2f57-3500-44d3-a01d-5bf375a3c053,ddd77a2f-eb9f-4a20-8ae4-e1ca55c21893,400,399/1,2026-04-21 12:08:49.475+00
fa8b4aaa-84b1-4663-bb1c-127bdbec6ae5,2044181c-c7e7-4759-8101-4779166812e3,27,26/1,2026-04-14 03:43:23.059+00
fc43e845-4254-49e5-b61f-36a22fe3711b,52f066d8-0a7a-42c5-8a6b-103ec4ba2c91,151,150/1,2026-05-22 13:11:30.343+00
fc6cc818-7404-4dae-ad96-7e4690d21cb4,52f066d8-0a7a-42c5-8a6b-103ec4ba2c91,201,200/1,2026-06-18 12:42:27.657+00
fe13f351-fd32-4828-b076-25ccc268bae8,2044181c-c7e7-4759-8101-4779166812e3,23,22/1,2026-06-17 22:37:07.909+00
feb57755-9bdc-4395-ba2e-e8d4c5920c26,2044181c-c7e7-4759-8101-4779166812e3,17,16/1,2026-06-22 13:54:32.611+00
ff14ecdb-5a85-4ab0-bac8-e7962da3c115,eaca3063-d90c-4007-b3d8-ba829b3ee14e,8,7/1,2026-06-11 12:52:58.271+00